Folio Emetrix,REGI”N,CIUDAD,ESTADO,GRUPO,VOLT,Longitud,Latitud,Volt (burbuja),Folio m·s cercano,Distancia mÌn (km),Volt tienda cercana,? Volt vs cercana
153688,SUR,OAXACA,OAXACA,CEDA,271.5,-96.73356631,17.0561434,271.5,1924131,0.069122481,297.6,-26.1
153691,NORTE,JU¡REZ,NUEVO LEON,COMERCIAL TREVI—O,307.5,-100.1558432,25.6269004,307.5,153692,1.765478575,307.5,0
153692,NORTE,JU¡REZ,NUEVO LEON,COMERCIAL TREVI—O,307.5,-100.1729423,25.62310598,307.5,1923691,1.373917066,358.5,-51
153696,NORTE,MONTERREY,NUEVO LEON,CEDA,250.8,-100.3799007,25.7744587,250.8,153698,0.347582021,285,-34.2
153697,NORTE,MONTERREY,NUEVO LEON,COMERCIAL TREVI—O,268.2,-100.38,25.73695,268.2,153696,4.170789001,250.8,17.4
153698,NORTE,MONTERREY,NUEVO LEON,HERMANOS PAEZ,285,-100.382747,25.776248,285,153696,0.347582021,250.8,34.2
153699,NORTE,MONTERREY,NUEVO LEON,CEDA,300,-100.337834,25.723393,300,153697,4.48470806,268.2,31.8
153720,CENTRO,TULTITLAN,EDO MEX,CEDA,300,-99.136095,19.638342,300,1923335,0.187889091,240,60
153721,CENTRO,TULTITLAN,EDO MEX,CEDA,285,-99.137844,19.639762,285,1923336,0.037859073,270,15
153784,SUR,SAN FERNANDO,CHIAPAS,SUPER ABARROTES CASTILLEJOS CENTRO,270,-93.1936275,16.8473938,270,1923455,2.891712596,270,0
153809,CENTRO,TLALNEPANTLA,EDO MEX,DISTRIBUIDORA DIMO,217.95,-99.1896202,19.5488454,217.95,1923340,0.033302675,219.9,-1.95
153810,CENTRO,TLALNEPANTLA,EDO MEX,SUPER TIENDAZZ,229.95,-99.1888006,19.5448451,229.95,1923345,0.078342044,225,4.95
153819,CENTRO,CHICOLOAPAN,EDO MEX,CEDA,300,-98.91947622,19.41809723,300,1923313,0.036007646,300,0
153830,CENTRO,TULANCINGO,HIDALGO,CEDA,375,-98.37126418,20.08900321,375,1924498,0.942201827,248.25,126.75
153860,SUR,SAN CRISTOBAL,CHIAPAS,ABARROTES EL TIGRE,255,-92.63758892,16.71869128,255,1923469,0.090567876,255,0
153861,SUR,ARRIAGA,CHIAPAS,FLORES VAZQUEZ REGULO,264,-93.8996736,16.234296,264,1923998,0.034290178,255.15,8.85
153863,SUR,PALENQUE,CHIAPAS,ENBE SA DE CV,229,-91.96358171,17.44446521,229,1923482,0.124252608,244.95,-15.95
153869,CENTRO,TEPEACA,PUEBLA,ROJAS GARCIA VICTOR HUGO,270,-97.903831,18.942721,270,153870,2.109250474,270,0
153870,CENTRO,TEPEACA,PUEBLA,ROJAS GARCIA VICTOR HUGO,270,-97.901848,18.961597,270,153869,2.109250474,270,0
153884,SUR,CORDOBA,VERACRUZ,DACSA DEL MERCADO,235.5,-96.9268267,18.8877056,235.5,1923774,0.743093606,235.5,0
153885,SUR,CORDOBA,VERACRUZ,DACSA DEL MERCADO,235.5,-96.9295472,18.8956324,235.5,1923495,0.040770151,214.95,20.55
153888,SUR,COATZACOALCOS,VERACRUZ,DISTRIBUIDORA DE PERFUMERÕA Y POPULARES,334.5,-94.4563207,18.1246915,334.5,1923785,2.173064935,331.5,3
153897,SUR,TONAL¡,CHIAPAS,DAMIANES,257.25,-93.7535489,16.0892334,257.25,1923997,0.057445505,264,-6.75
153910,NORTE,HIDALGO DE PARRAL,CHIHUAHUA,ABASTECEDORA COMERCIAL DE PARRAL,298.5,-105.703134,26.94161729,298.5,153912,0.422460636,298.5,0
153911,NORTE,HIDALGO DE PARRAL,CHIHUAHUA,ABASTECEDORA COMERCIAL DE PARRAL,298.5,-105.7178899,26.93119435,298.5,153913,1.243354787,281.85,16.65
153912,NORTE,HIDALGO DE PARRAL,CHIHUAHUA,ABASTECEDORA COMERCIAL DE PARRAL,298.5,-105.7017211,26.93803288,298.5,153910,0.422460636,298.5,0
153913,NORTE,HIDALGO DE PARRAL,CHIHUAHUA,ABASTECEDORA COMERCIAL DE PARRAL,281.85,-105.7119573,26.94104617,281.85,153910,0.876930149,298.5,-16.65
153917,NORTE,HIDALGO DE PARRAL,CHIHUAHUA,ABASTECEDORA COMERCIAL DE PARRAL,292.5,-105.6847933,26.94647187,292.5,153919,1.449668798,292.5,0
153918,NORTE,HIDALGO DE PARRAL,CHIHUAHUA,ABASTECEDORA COMERCIAL DE PARRAL,298.5,-105.6753188,26.91639121,298.5,153920,1.226885041,298.5,0
153919,NORTE,HIDALGO DE PARRAL,CHIHUAHUA,ABASTECEDORA COMERCIAL DE PARRAL,292.5,-105.6716421,26.95217604,292.5,153917,1.449668798,292.5,0
153920,NORTE,HIDALGO DE PARRAL,CHIHUAHUA,ABASTECEDORA COMERCIAL DE PARRAL,298.5,-105.6694336,26.92609718,298.5,154148,0.360198771,281.85,16.65
153921,NORTE,HIDALGO DE PARRAL,CHIHUAHUA,ABASTECEDORA COMERCIAL DE PARRAL,298.5,-105.663225,26.92675708,298.5,154148,0.274403413,281.85,16.65
153922,NORTE,HIDALGO DE PARRAL,CHIHUAHUA,ABASTECEDORA COMERCIAL DE PARRAL,292.5,-105.6441943,26.93265396,292.5,153921,1.997348401,298.5,-6
153923,NORTE,HIDALGO DE PARRAL,CHIHUAHUA,ABASTECEDORA COMERCIAL DE PARRAL,281.85,-105.6655019,26.93056235,281.85,153968,0.432170211,298.5,-16.65
153968,NORTE,HIDALGO DE PARRAL,CHIHUAHUA,ABASTECEDORA COMERCIAL DE PARRAL,298.5,-105.6687127,26.93319129,298.5,153923,0.432170211,281.85,16.65
154022,SUR,CHIAPA DE CORZO,CHIAPAS,SANDRA MARISOL DOMINGUEZ,262.5,-93.016957,16.7067655,262.5,154023,0.255268624,300,-37.5
154023,SUR,CHIAPA DE CORZO,CHIAPAS,VERONICA HERNANDEZ CASTELLANOS,300,-93.01600483,16.70887227,300,154022,0.255268624,262.5,37.5
154024,SUR,TUXTLA,CHIAPAS,NORMA PATRICIA PEREZ JIMENEZ,262.5,-93.0984147,16.7918478,262.5,154026,5.271580452,221.5,41
154025,SUR,TUXTLA,CHIAPAS,ANTONI GUILLEN,300,-93.1055624,16.7448974,300,154026,0.048451427,221.5,78.5
154026,SUR,TUXTLA,CHIAPAS,AVÕCOLA,221.5,-93.105108,16.7448745,221.5,154025,0.048451427,300,-78.5
154134,CENTRO,IZTAPALAPA,CDMX,CEDA,229.95,-99.09313352,19.3757239,229.95,1924029,0.045901781,232.95,-3
154135,CENTRO,IZTAPALAPA,CDMX,CEDA,229.95,-99.09329043,19.37767067,229.95,154138,0.062191533,225,4.95
154136,CENTRO,IZTAPALAPA,CDMX,CEDA,229.95,-99.0912829,19.3755606,229.95,1923281,0.005110659,228.9,1.05
154138,CENTRO,IZTAPALAPA,CDMX,CEDA,225,-99.09388308,19.37768648,225,154135,0.062191533,229.95,-4.95
154148,NORTE,HIDALGO DE PARRAL,CHIHUAHUA,ABASTECEDORA COMERCIAL DE PARRAL,281.85,-105.6658091,26.92587296,281.85,153921,0.274403413,298.5,-16.65
154151,CENTRO,ATIZAPAN,EDO MEX,CEDA,234,-99.2526114,19.5699197,234,154156,0.071368427,300,-66
154152,CENTRO,ATIZAPAN,EDO MEX,CEDA,255,-99.2533331,19.5697561,255,1923343,0.007074432,236.1,18.9
154153,CENTRO,ATIZAPAN,EDO MEX,CEDA,252,-99.2528175,19.5707915,252,1923744,0.026492052,252.15,-0.15
154156,CENTRO,ATIZAPAN,EDO MEX,CEDA,300,-99.2528715,19.5705129,300,154158,9.49E-05,300,0
154158,CENTRO,ATIZAPAN,EDO MEX,CEDA,300,-99.2528715,19.5705129,300,154156,9.49E-05,300,0
154160,CENTRO,ATIZAPAN,EDO MEX,CEDA,300,-99.25320633,19.57144567,300,1923745,0.014511443,237,63
154161,NORTE,CHIHUAHUA,CHIHUAHUA,DUERO,240,-106.0319762,28.6209078,240,1923425,1.335529671,255,-15
154198,CENTRO,CUAUTLA,MORELOS,ABARROTERA FUENTES,229.5,-98.92972309,18.86745909,229.5,154201,0.277083122,270,-40.5
154201,CENTRO,CUAUTLA,MORELOS,ABARROTERA SAN ANTONIO,270,-98.932221,18.868248,270,1923362,0.138791152,270,0
154292,CENTRO,TEMIXCO,MORELOS,ABARROTERA FUENTES,229.05,-99.22609257,18.83523329,229.05,154300,4.714316498,262.2,-33.15
154293,CENTRO,YAUTEPEC,MORELOS,ABARROTERA FUENTES,229.05,-99.0593334,18.8872325,229.05,154299,2.086008505,262.35,-33.3
154298,CENTRO,CUERNAVACA,MORELOS,ALPE SUPERMERCADOS,262.2,-99.22802476,18.88341764,262.2,1923851,4.730244929,262.35,-0.15
154299,CENTRO,YAUTEPEC,MORELOS,ALPE SUPERMERCADOS,262.35,-99.0675914,18.8701773,262.35,154293,2.086008505,229.05,33.3
154300,CENTRO,TEZOYUCA,MORELOS,ALPE SUPERMERCADOS,262.2,-99.19787346,18.80230857,262.2,154292,4.714316498,229.05,33.15
154317,CENTRO,TEHUACAN,PUEBLA,ABARROTES CADENA,247.5,-97.4104187,18.4777732,247.5,1923497,0.703102059,247.5,0
154339,SUR,COSCOMATEPEC,VERACRUZ,ABARROTES QUEZADA,214.95,-97.04482,19.072025,214.95,154444,0.453521251,235.5,-20.55
154340,SUR,COSCOMATEPEC,VERACRUZ,ABARROTES QUEZADA,225,-97.050139,19.073517,225,154339,0.583078171,214.95,10.05
154444,SUR,COSCOMATEPEC,VERACRUZ,ABARROTES QUEZADA,235.5,-97.0413978,19.0745098,235.5,154339,0.453521251,214.95,20.55
154570,SUR,VILLAHERMOSA,TABASCO,ABARROTES MONTERREY,253.5,-92.91487955,17.99578549,253.5,1923507,0.039782081,292.5,-39
154571,SUR,VILLAHERMOSA,TABASCO,ABARROTES MONTERREY,329.55,-92.985932,17.9525179,329.55,154572,0.159919207,292.5,37.05
154572,SUR,VILLAHERMOSA,TABASCO,ABARROTES MONTERREY,292.5,-92.987,17.9515,292.5,154571,0.159919207,329.55,-37.05
154575,NORTE,GUADALAJARA,JALISCO,DUERO,277.35,-103.290422,20.6657066,277.35,1924074,1.023987321,237.6,39.75
154576,NORTE,GUADALAJARA,JALISCO,DUERO,277.35,-103.28006,20.67025587,277.35,154577,0.324886261,277.35,0
154577,NORTE,GUADALAJARA,JALISCO,DUERO,277.35,-103.2772155,20.67146171,277.35,154576,0.324886261,277.35,0
154578,NORTE,GUADALAJARA,JALISCO,DUERO,277.35,-103.2800138,20.66510706,277.35,154576,0.572541717,277.35,0
154579,NORTE,GUADALAJARA,JALISCO,DUERO,277.35,-103.2531197,20.6499393,277.35,154592,0.972959736,277.35,0
154580,NORTE,GUADALAJARA,JALISCO,DUERO,277.35,-103.2789022,20.6529239,277.35,1924102,0.263573284,277.35,0
154581,NORTE,GUADALAJARA,JALISCO,DUERO,277.35,-103.3254474,20.67220181,277.35,1924104,0.356775073,277.35,0
154582,NORTE,GUADALAJARA,JALISCO,DUERO,277.35,-103.2727211,20.6662235,277.35,154577,0.746926593,277.35,0
154592,NORTE,TONALA,JALISCO,DUERO,277.35,-103.2611,20.6545,277.35,154596,0.418933938,277.35,0
154596,NORTE,GUADALAJARA,JALISCO,DUERO,277.35,-103.260724,20.6582511,277.35,154592,0.418933938,277.35,0
154641,NORTE,GUADALAJARA,JALISCO,SUPER ABARROTES LA LUPITA,225,-103.3824446,20.6497675,225,154644,0.139395668,225,0
154644,NORTE,GUADALAJARA,JALISCO,SUPER ABARROTES LA LUPITA,225,-103.3812196,20.650275,225,154641,0.139395668,225,0
154662,SUR,SAN CRISTOBAL,CHIAPAS,ABARROTES EL TIGRE,255,-92.6637794,16.7503321,255,1923472,1.398822616,270,-15
154673,CENTRO,JACONA,MICHOAC¡N,PROMOTORA Y COMERCIALIZADORA ALONDRA,255,-102.3146617,19.9431288,255,1923626,0.262392886,277.35,-22.35
154674,CENTRO,JACONA,MICHOAC¡N,PROMOTORA Y COMERCIALIZADORA ALONDRA,255,-102.3068895,19.9626382,255,1923621,0.491340687,277.35,-22.35
154675,CENTRO,JACONA,MICHOAC¡N,PROMOTORA Y COMERCIALIZADORA ALONDRA,255,-102.3060348,19.9415442,255,1923626,0.691078481,277.35,-22.35
154676,CENTRO,ZAMORA,MICHOAC¡N,PROMOTORA Y COMERCIALIZADORA ALONDRA,225,-102.2849898,19.9781185,225,1923624,0.289763712,253.05,-28.05
154677,CENTRO,ZAMORA,MICHOAC¡N,PROMOTORA Y COMERCIALIZADORA ALONDRA,225,-102.2741542,19.9728851,225,1923615,0.775534951,277.35,-52.35
154678,CENTRO,ZAMORA,MICHOAC¡N,PROMOTORA Y COMERCIALIZADORA ALONDRA,225,-102.2885,20.009,225,1923628,0.293387674,277.35,-52.35
154680,CENTRO,ZAMORA,MICHOAC¡N,PROMOTORA Y COMERCIALIZADORA ALONDRA,255,-102.3070902,19.9994372,255,1923630,0.107554193,277.35,-22.35
154682,CENTRO,ZAMORA,MICHOAC¡N,PROMOTORA Y COMERCIALIZADORA ALONDRA,225,-102.2646557,19.9933288,225,1923623,0.25945513,277.35,-52.35
154683,CENTRO,ZAMORA,MICHOAC¡N,PROMOTORA Y COMERCIALIZADORA ALONDRA,225,-102.2847248,19.9815766,225,1923619,0.083699667,277.35,-52.35
154684,CENTRO,ZAMORA,MICHOAC¡N,PROMOTORA Y COMERCIALIZADORA ALONDRA,225,-102.2396131,19.9850751,225,1923629,1.423583048,277.35,-52.35
154710,SUR,OAXACA,OAXACA,CONSUMO Z,345,-96.721277,17.0685351,345,154713,0.503876604,345,0
154711,SUR,OAXACA,OAXACA,CONSUMO Z,345,-96.7238978,17.0618067,345,1923712,0.28520981,345,0
154712,SUR,OAXACA,OAXACA,CONSUMO Z,345,-96.7249831,17.0510978,345,154714,0.571854365,345,0
154713,SUR,OAXACA,OAXACA,CONSUMO Z,345,-96.7167752,17.0699543,345,154737,0.470128874,345,0
154714,SUR,OAXACA,OAXACA,CONSUMO Z,345,-96.7238335,17.0561218,345,154716,0.343373151,345,0
154715,SUR,OAXACA,OAXACA,CONSUMO Z,345,-96.713062,17.0033262,345,1923709,5.222916597,345,0
154716,SUR,OAXACA,OAXACA,CONSUMO Z,345,-96.726423,17.0579677,345,1923707,0.114365398,345,0
154717,SUR,OAXACA,OAXACA,CONSUMO Z,345,-96.7313375,17.0491799,345,154712,0.708385521,345,0
154720,SUR,OAXACA,OAXACA,CONSUMO Z,345,-96.7575201,17.0735386,345,154722,1.779438903,345,0
154721,SUR,OAXACA,OAXACA,CONSUMO Z,352.5,-96.7641111,17.1224012,352.5,154718,2.92916832,345,7.5
154722,SUR,OAXACA,OAXACA,CONSUMO Z,345,-96.7433518,17.0820629,345,154725,1.302653776,345,0
154724,SUR,OAXACA,OAXACA,CONSUMO Z,345,-96.7027952,17.0864429,345,154728,0.73710821,345,0
154725,SUR,OAXACA,OAXACA,CONSUMO Z,345,-96.7320288,17.0865459,345,154722,1.302653776,345,0
154726,SUR,OAXACA,OAXACA,CONSUMO Z,345,-96.7193474,17.0937825,345,154727,0.56978002,390,-45
154727,SUR,OAXACA,OAXACA,CONSUMO Z,390,-96.7170558,17.0891501,390,154726,0.56978002,345,45
154728,SUR,OAXACA,OAXACA,CONSUMO Z,345,-96.706422,17.0807927,345,154731,0.386677074,345,0
154729,SUR,OAXACA,OAXACA,CONSUMO Z,390,-96.7110863,17.0738667,390,154738,0.11289727,345,45
154730,SUR,OAXACA,OAXACA,CONSUMO Z,345,-96.7224295,17.0788151,345,1923711,0.513064009,345,0
154731,SUR,OAXACA,OAXACA,CONSUMO Z,345,-96.7100292,17.0812438,345,1923708,0.307711164,345,0
154732,SUR,OAXACA,OAXACA,CONSUMO Z,345,-96.7083345,17.0925305,345,154724,0.897123025,345,0
154733,SUR,OAXACA,OAXACA,CONSUMO Z,345,-96.7049909,17.0696488,345,154736,0.682086233,345,0
154734,SUR,OAXACA,OAXACA,CONSUMO Z,345,-96.7245509,17.0722836,345,154710,0.542991946,345,0
154735,SUR,OAXACA,OAXACA,CONSUMO Z,345,-96.7147394,17.0772405,345,1923710,0.252903696,345,0
154736,SUR,OAXACA,OAXACA,CONSUMO Z,345,-96.6986028,17.0690692,345,154733,0.682086233,345,0
154737,SUR,OAXACA,OAXACA,CONSUMO Z,345,-96.7162792,17.0741556,345,1923710,0.220182096,345,0
154738,SUR,OAXACA,OAXACA,CONSUMO Z,345,-96.7107918,17.0748422,345,154729,0.11289727,390,-45
154750,NORTE,CHIHUAHUA,CHIHUAHUA,ABASTECEDORA COMERCIAL DE PARRAL,246.45,-106.1207391,28.69793172,246.45,1924067,0.326062616,238.05,8.4
154883,NORTE,GUADALAJARA,JALISCO,DUERO,244.5,#N/D,#N/D,244.5,Sin coordenadas,,,
1923263,CENTRO,IZTAPALAPA,CDMX,ANICETOS,229.95,-99.092768,19.376666,229.95,1923299,0.039236886,300,-70.05
1923270,CENTRO,ECATEPEC,EDO MEX,SUPER TIENDAZZ,233.55,-99.0039852,19.61522425,233.55,1924040,0.310593345,249,-15.45
1923272,CENTRO,ECATEPEC,EDO MEX,SUPER TIENDAZZ,229.95,-99.0012576,19.6166034,229.95,1924040,0.041070792,249,-19.05
1923281,CENTRO,IZTAPALAPA,CDMX,TIENDAS DE DESCUENTO LA CENTRAL,228.9,-99.091308,19.3756,228.9,154136,0.005110659,229.95,-1.05
1923283,CENTRO,IZTAPALAPA,CDMX,TIENDAS DE DESCUENTO LA CENTRAL,228.9,-99.09301202,19.37527776,228.9,1924031,0.048914163,228.9,0
1923284,CENTRO,IZTAPALAPA,CDMX,TIENDAS DE DESCUENTO LA CENTRAL,228.9,-99.09141106,19.37563692,228.9,1923281,0.011563805,228.9,0
1923285,CENTRO,IZTAPALAPA,CDMX,TIENDAS DE DESCUENTO LA CENTRAL,225,-99.08882419,19.37383812,225,1923290,0.075568974,228,-3
1923286,CENTRO,IZTAPALAPA,CDMX,CREMERIA JUCHILICA,230.4,-99.023138,19.3449752,230.4,1923288,0.073406352,223.95,6.45
1923287,CENTRO,IZTAPALAPA,CDMX,SUPER TIENDAZZ,213.75,-99.0939953,19.3769123,213.75,1924135,0.058984623,229.95,-16.2
1923288,CENTRO,IZTAPALAPA,CDMX,TIENDAS DE DESCUENTO LA CENTRAL,223.95,-99.023769,19.34469,223.95,1923732,0.027398334,237,-13.05
1923289,CENTRO,IZTAPALAPA,CDMX,DEPOSITO CRISTINA,300,-99.08927301,19.36841846,300,1923290,0.530754019,228,72
1923290,CENTRO,IZTAPALAPA,CDMX,LA CABA—A,228,-99.089027,19.373186,228,1923285,0.075568974,225,3
1923295,CENTRO,IZTAPALAPA,CDMX,ABARROTES Y BEBIDAS ZAY,229.95,-99.09082644,19.3750403,229.95,1923296,0.026950257,229.95,0
1923296,CENTRO,IZTAPALAPA,CDMX,ZAY PASILLO 3,229.95,-99.09089674,19.37527342,229.95,1923303,0.014684929,234.9,-4.95
1923299,CENTRO,IZTAPALAPA,CDMX,DEPOSITO EL AGUILA,300,-99.0925966,19.37635236,300,1923263,0.039236886,229.95,70.05
1923300,CENTRO,IZTAPALAPA,CDMX,EL CORCEL,229.95,-99.09109245,19.37859611,229.95,1923306,0.114128931,222.45,7.5
1923303,CENTRO,IZTAPALAPA,CDMX,CEDA,234.9,-99.09093503,19.37540045,234.9,1923296,0.014684929,229.95,4.95
1923305,CENTRO,IZTAPALAPA,CDMX,GPO MAYORISTA S TIENDAS,229.95,-99.091353,19.376658,229.95,1924134,0.046425205,229.95,0
1923306,CENTRO,IZTAPALAPA,CDMX,CONASUPER,222.45,-99.09151402,19.3776499,222.45,1923305,0.111580037,229.95,-7.5
1923310,CENTRO,CHICOLOAPAN,EDO MEX,CEDA,210,-98.9224572,19.4205324,210,1923315,0.136006039,300,-90
1923311,CENTRO,CHICOLOAPAN,EDO MEX,CEDA,300,-98.91933262,19.42132462,300,1930233,0.244655686,258,42
1923313,CENTRO,CHICOLOAPAN,EDO MEX,COMERCIALIZADORA DE BASICOS LOS REYES,300,-98.919707,19.418337,300,153819,0.036007646,300,0
1923315,CENTRO,CHICOLOAPAN,EDO MEX,COMERCIALIZADORA DE BASICOS LOS REYES,300,-98.9222898,19.4193195,300,1923318,0,254.7,45.3
1923318,CENTRO,CHICOLOAPAN,EDO MEX,CEDA,254.7,-98.9222898,19.4193195,254.7,1923315,0,300,-45.3
1923319,CENTRO,CHICOLOAPAN,EDO MEX,CEDA,270,-98.9222898,19.4193195,270,1923315,0,300,-30
1923334,CENTRO,TULTITLAN,EDO MEX,DISTRIBUIDORA DIMO,240,-99.1381165,19.6394586,240,153721,0.044187869,285,-45
1923335,CENTRO,TULTITLAN,EDO MEX,DISTRIBUIDORA DIMO,240,-99.136472,19.639994,240,1923336,0.125442116,270,-30
1923336,CENTRO,TULTITLAN,EDO MEX,ABARROTES SAN JUAN HE HE SA DE CV,270,-99.137569,19.639541,270,153721,0.037859073,285,-15
1923340,CENTRO,TLALNEPANTLA,EDO MEX,EL PASO,219.9,-99.18932052,19.54874567,219.9,153809,0.033302675,217.95,1.95
1923341,CENTRO,ATIZAPAN,EDO MEX,CREMERIA 2000,236.1,-99.253693,19.569877,236.1,1923342,0.003291395,236.1,0
1923342,CENTRO,ATIZAPAN,EDO MEX,CREMERIA 2000,236.1,-99.25368839,19.56990628,236.1,1923341,0.003291395,236.1,0
1923343,CENTRO,ATIZAPAN,EDO MEX,CREMERIA 2000,236.1,-99.25339402,19.56972865,236.1,154152,0.007074432,255,-18.9
1923344,CENTRO,TLALNEPANTLA,EDO MEX,EL DELFIN DE TLALNEPANTLA,214.95,-99.18997869,19.5493378,214.95,153809,0.066399623,217.95,-3
1923345,CENTRO,TLALNEPANTLA,EDO MEX,MARTINEZ BRAVO JUANA,225,-99.18920198,19.5442507,225,153810,0.078342044,229.95,-4.95
1923360,CENTRO,CUAUTLA,MORELOS,ABARROTERA FUENTES,229.5,-98.95269647,18.81526653,229.5,1923361,0.987142684,229.05,0.45
1923361,CENTRO,CUAUTLA,MORELOS,ABARROTERA FUENTES,229.05,-98.95023655,18.82383333,229.05,154206,0.379232663,262.2,-33.15
1923362,CENTRO,CUAUTLA,MORELOS,ABARROTERA SAN ANTONIO,270,-98.9324997,18.869468,270,1923363,9.49E-05,270,0
1923363,CENTRO,CUAUTLA,MORELOS,ABARROTERA SAN ANTONIO,270,-98.9324997,18.869468,270,1923362,9.49E-05,270,0
1923364,CENTRO,CUAUTLA,MORELOS,ABARROTERA SAN ANTONIO,270,-98.9324997,18.869468,270,1923362,9.49E-05,270,0
1923369,CENTRO,CUERNAVACA,MORELOS,ABARROTERA FUENTES,229.05,-99.1981523,18.9300544,229.05,1923370,1.66245951,229.05,0
1923370,CENTRO,CUERNAVACA,MORELOS,ABARROTERA FUENTES,229.05,-99.1892765,18.9176837,229.05,1923852,0.941767789,262.35,-33.3
1923379,CENTRO,MORELIA,MICHOAC¡N,ABARROTES AZTECA,238.5,-101.1534606,19.70632108,238.5,1924115,0.381773138,277.35,-38.85
1923380,CENTRO,MORELIA,MICHOAC¡N,ABARROTES AZTECA,238.5,-101.181174,19.71230026,238.5,1924071,0.639699857,277.35,-38.85
1923381,CENTRO,MORELIA,MICHOAC¡N,ABARROTES AZTECA,277.5,-101.187667,19.696697,277.5,1923391,0.751184399,277.5,0
1923382,CENTRO,MORELIA,MICHOAC¡N,ABARROTES LA VIOLETA,277.5,-101.1452919,19.7555842,277.5,1923385,3.584207295,277.5,0
1923383,CENTRO,MORELIA,MICHOAC¡N,ABARROTES LA VIOLETA,277.5,-101.1963583,19.74907993,277.5,1923384,2.327068134,277.5,0
1923384,CENTRO,MORELIA,MICHOAC¡N,ABARROTES LA VIOLETA,277.5,-101.1821565,19.73297731,277.5,1923845,2.007228492,300,-22.5
1923385,CENTRO,MORELIA,MICHOAC¡N,ABARROTES LA VIOLETA,277.5,-101.1132593,19.76699504,277.5,1923382,3.584207295,277.5,0
1923386,CENTRO,MORELIA,MICHOAC¡N,ABARROTES LA VIOLETA,273,-101.1501252,19.6975945,273,1923379,1.031260006,238.5,34.5
1923387,CENTRO,MORELIA,MICHOAC¡N,ABARROTES AZTECA,238.5,-101.190033,19.6656518,238.5,1923389,2.985903151,277.5,-39
1923388,CENTRO,MORELIA,MICHOAC¡N,ABARROTES AZTECA,238.5,-101.233153,19.6414602,238.5,1924117,5.12550833,277.35,-38.85
1923389,CENTRO,MORELIA,MICHOAC¡N,ABARROTES LA VIOLETA,277.5,-101.1934925,19.69230637,277.5,1923390,0.522905974,277.5,0
1923390,CENTRO,MORELIA,MICHOAC¡N,ABARROTES LA VIOLETA,277.5,-101.1984738,19.69196222,277.5,1923389,0.522905974,277.5,0
1923391,CENTRO,MORELIA,MICHOAC¡N,ABARROTES LA VIOLETA,277.5,-101.1948392,19.69689844,277.5,1923389,0.529723038,277.5,0
1923392,CENTRO,MORELIA,MICHOAC¡N,ABARROTES AZTECA,238.5,-101.2289653,19.7026133,238.5,1924116,1.392716048,277.35,-38.85
1923394,CENTRO,MORELIA,MICHOAC¡N,ABARROTES LA VIOLETA,277.5,-101.3082907,19.67609819,277.5,1924117,8.205037601,277.35,0.15
1923395,CENTRO,MORELIA,MICHOAC¡N,ABARROTES LA VIOLETA,238.5,-101.2228418,19.7147511,238.5,1924116,0.65821328,277.35,-38.85
1923396,CENTRO,MORELIA,MICHOAC¡N,ABARROTES LA VIOLETA,277.5,-101.189917,19.715632,277.5,1923380,0.987340838,238.5,39
1923399,CENTRO,MORELIA,MICHOAC¡N,ABARROTES LA VIOLETA,225,-101.1715127,19.71734132,225,1923845,0.058021779,300,-75
1923400,CENTRO,MORELIA,MICHOAC¡N,ABARROTES LA VIOLETA,225,-101.1716724,19.71636262,225,1923403,0.08428517,233.55,-8.55
1923401,CENTRO,MORELIA,MICHOAC¡N,ABARROTES LA VIOLETA,233.55,-101.167465,19.712651,233.55,1924070,0.306564702,270.9,-37.35
1923403,CENTRO,MORELIA,MICHOAC¡N,ABARROTES LA VIOLETA,233.55,-101.170868,19.716328,233.55,1923400,0.08428517,225,8.55
1923404,CENTRO,MORELIA,MICHOAC¡N,ABARROTES LA VIOLETA,233.55,-101.1694953,19.7158184,233.55,1923403,0.154458592,233.55,0
1923405,CENTRO,MORELIA,MICHOAC¡N,ABARROTES LA VIOLETA,233.55,-101.1677124,19.7168227,233.55,1924070,0.158092414,270.9,-37.35
1923415,CENTRO,TEHUACAN,PUEBLA,ABARROTES CADENA,240,-97.3937494,18.4605259,240,1923818,0.354085487,240,0
1923416,CENTRO,TEHUACAN,PUEBLA,ABARROTES CADENA,228,-97.4045473,18.4691003,228,1923497,0.501774857,247.5,-19.5
1923418,NORTE,APODACA,NUEVO LEON,REGIO ABARROTES,307.5,-100.1547618,25.7084398,307.5,1923592,2.086712286,291,16.5
1923421,NORTE,CD JUAREZ,CHIHUAHUA,GUMA AERONAUTICA,270,-106.4401712,31.61898058,270,1923422,0.183257661,270,0
1923422,NORTE,CD JUAREZ,CHIHUAHUA,GUMA FRUTERIA,270,-106.4416252,31.6200683,270,1923967,0.019004852,259.8,10.2
1923424,NORTE,CD JUAREZ,CHIHUAHUA,GUMA SANDERS,259.8,-106.491598,31.738792,259.8,1923964,2.897306255,259.8,0
1923425,NORTE,CHIHUAHUA,CHIHUAHUA,CASA REZA XPRESS AUTOMAYOREO SA DE CV,255,-106.0223,28.6294,255,1923426,0.63230167,246.45,8.55
1923426,NORTE,CHIHUAHUA,CHIHUAHUA,ABASTECEDORA COMERCIAL DE PARRAL,246.45,-106.0194276,28.634497,246.45,1923425,0.63230167,255,-8.55
1923437,NORTE,GUADALUPE,NUEVO LEON,SURTI SNACK,330,-100.1693717,25.6658833,330,1923698,0.65304303,274.8,55.2
1923441,SUR,TUXTLA,CHIAPAS,CEDA,220,-93.068206,16.745007,220,1930201,0.037459765,221.5,-1.5
1923442,SUR,TUXTLA,CHIAPAS,ENBE SA DE CV,220,-93.067478,16.743999,220,1930200,0.061823802,221.5,-1.5
1923448,SUR,TUXTLA,CHIAPAS,GABRIEL MARTINEZ MENDEZ,225,-93.0667793,16.74354802,225,1930200,0.073030794,221.5,3.5
1923455,SUR,SAN FERNANDO,CHIAPAS,SUPER ABARROTES CASTILLEJOS CENTRO,270,-93.20675189,16.87016526,270,153784,2.891712596,270,0
1923460,SUR,COMITAN,CHIAPAS,ABARROTES SAN LUIS S.A. DE C.V.,230.4,-92.1370391,16.2374689,230.4,1923462,0.132254241,260.4,-30
1923461,SUR,COMITAN,CHIAPAS,ABARROTES SAN LUIS S.A. DE C.V.,230.4,-92.11271222,16.21180714,230.4,1923464,3.707723184,260.4,-30
1923462,SUR,COMITAN,CHIAPAS,ABARROTES SAN LUIS S.A. DE C.V.,260.4,-92.13580089,16.23750578,260.4,1923460,0.132254241,230.4,30
1923463,SUR,COMITAN,CHIAPAS,ABARROTES SAN LUIS S.A. DE C.V.,260.4,-92.13358762,16.23994989,260.4,1923464,0.142757563,260.4,0
1923464,SUR,COMITAN,CHIAPAS,ABARROTES SAN LUIS S.A. DE C.V.,260.4,-92.13322223,16.2387149,260.4,1923463,0.142757563,260.4,0
1923469,SUR,SAN CRISTOBAL,CHIAPAS,ABARROTES EL TIGRE,255,-92.638214,16.718139,255,153860,0.090567876,255,0
1923470,SUR,SAN CRISTOBAL,CHIAPAS,ABARROTES EL TIGRE,255,-92.636629,16.745415,255,1924021,0.146798491,300,-45
1923471,SUR,SAN CRISTOBAL,CHIAPAS,ABARROTES EL TIGRE,240,-92.63796633,16.71576485,240,1923469,0.265307744,255,-15
1923472,SUR,SAN CRISTOBAL,CHIAPAS,CESAR SANTIZ,270,-92.651539,16.754901,270,154662,1.398822616,255,15
1923477,SUR,PALENQUE,CHIAPAS,CANDIDO GUTIERREZ GOMEZ (AB HERNANDEZ ),243.9,-91.98731583,17.51156626,243.9,1923480,0.135015284,232.95,10.95
1923478,SUR,PALENQUE,CHIAPAS,CANDIDO GUTIERREZ GOMEZ (AB HERNANDEZ ),232.95,-91.98758501,17.51369559,232.95,1923480,0.134781779,232.95,0
1923479,SUR,PALENQUE,CHIAPAS,CANDIDO GUTIERREZ GOMEZ (AB HERNANDEZ ),232.95,-91.98583502,17.51263478,232.95,1923483,0.030224035,244.95,-12
1923480,SUR,PALENQUE,CHIAPAS,CANDIDO GUTIERREZ GOMEZ (AB HERNANDEZ ),232.95,-91.98686,17.5127,232.95,1923479,0.108931625,232.95,0
1923482,SUR,PALENQUE,CHIAPAS,NICOLAMENDEZ ARCOS,244.95,-91.96250027,17.44403598,244.95,153863,0.124252608,229,15.95
1923483,SUR,PALENQUE,CHIAPAS,NICOLAMENDEZ ARCOS,244.95,-91.985551,17.512612,244.95,1923479,0.030224035,232.95,12
1923484,SUR,PALENQUE,CHIAPAS,PASCUAL ARCOS ALVARO,255,-91.982526,17.512264,255,1923483,0.323100275,244.95,10.05
1923485,SUR,VILLAHERMOSA,TABASCO,LOGI COMER PRO SA DE CV,307.5,-92.96640998,17.99080593,307.5,1923519,0.088425796,253.5,54
1923486,SUR,VILLAHERMOSA,TABASCO,"GRUPO LUIS FER , ARELI CARDOSA LENIN",307.5,-92.96579526,17.99282386,307.5,1923487,0.020575789,300,7.5
1923487,SUR,VILLAHERMOSA,TABASCO,"GRUPO LUIS FER , ARELI CARDOSA",300,-92.9658993,17.9926675,300,1923486,0.020575789,307.5,-7.5
1923494,SUR,CORDOBA,VERACRUZ,EL TIGRE DE CORDOBA FORTIN,214.95,-96.926617,18.89449246,214.95,1923495,0.292798944,214.95,0
1923495,SUR,CORDOBA,VERACRUZ,VICTOR JIMENEZ DURAN,214.95,-96.92920637,18.89545789,214.95,153885,0.040770151,235.5,-20.55
1923497,CENTRO,TEHUACAN,PUEBLA,ABARROTES CADENA,247.5,-97.408401,18.4717466,247.5,1923416,0.501774857,228,19.5
1923498,CENTRO,TEHUACAN,PUEBLA,ABARROTES CADENA,228,-97.3796684,18.462425,228,1923817,0.507334916,220.05,7.95
1923499,SUR,VILLAHERMOSA,TABASCO,ABARROTES MONTERREY,329.55,-92.967076,17.974109,329.55,1923500,0.528660289,329.55,0
1923500,SUR,VILLAHERMOSA,TABASCO,ABARROTES MONTERREY,329.55,-92.96742951,17.96936655,329.55,1923499,0.528660289,329.55,0
1923502,SUR,VILLAHERMOSA,TABASCO,ABARROTES MONTERREY,315,-92.9154693,17.99595825,315,154570,0.065260543,253.5,61.5
1923503,SUR,VILLAHERMOSA,TABASCO,ABARROTES MONTERREY,292.5,-92.98403572,17.973086,292.5,1923504,0.757370466,292.5,0
1923504,SUR,VILLAHERMOSA,TABASCO,ABARROTES MONTERREY,292.5,-92.99112143,17.97406879,292.5,1923503,0.757370466,292.5,0
1923505,SUR,VILLAHERMOSA,TABASCO,ABARROTES MONTERREY,292.5,-93.01724361,17.9619172,292.5,1923545,1.597988644,292.5,0
1923507,SUR,VILLAHERMOSA,TABASCO,ABARROTES MONTERREY,292.5,-92.91454205,17.99594349,292.5,1923508,0.026315921,292.5,0
1923508,SUR,VILLAHERMOSA,TABASCO,ABARROTES MONTERREY,292.5,-92.9147157,17.996113,292.5,1923507,0.026315921,292.5,0
1923509,SUR,VILLAHERMOSA,TABASCO,ABARROTES MONTERREY,329.55,-92.925072,18.0231153,329.55,1923510,0.578405502,329.55,0
1923510,SUR,VILLAHERMOSA,TABASCO,ABARROTES MONTERREY,329.55,-92.91962304,18.02265812,329.55,1923509,0.578405502,329.55,0
1923511,SUR,VILLAHERMOSA,TABASCO,ABARROTES MONTERREY,329.55,-92.96197516,18.02351859,329.55,1923512,0.02244733,329.55,0
1923512,SUR,VILLAHERMOSA,TABASCO,ABARROTES MONTERREY,329.55,-92.96176337,18.02353244,329.55,1923511,0.02244733,329.55,0
1923513,SUR,VILLAHERMOSA,TABASCO,ABARROTES MONTERREY,329.55,-92.9586037,18.0177515,329.55,1923512,0.724452883,329.55,0
1923519,SUR,VILLAHERMOSA,TABASCO,ABARROTES MONTERREY,253.5,-92.96599025,17.9914937,253.5,1923485,0.088425796,307.5,-54
1923520,SUR,VILLAHERMOSA,TABASCO,ABARROTES MONTERREY,329.55,-92.8996738,18.02243,329.55,1923521,0.209384572,329.55,0
1923521,SUR,VILLAHERMOSA,TABASCO,ABARROTES MONTERREY,329.55,-92.8986111,18.0208411,329.55,1923522,0.190006732,292.5,37.05
1923522,SUR,VILLAHERMOSA,TABASCO,ABARROTES MONTERREY,292.5,-92.8997146,18.0194925,292.5,1923521,0.190006732,329.55,-37.05
1923523,SUR,VILLAHERMOSA,TABASCO,ABARROTES MONTERREY,329.55,-92.89600758,18.02068901,329.55,1923521,0.275815667,329.55,0
1923524,SUR,VILLAHERMOSA,TABASCO,ABARROTES MONTERREY,329.55,-92.90171,18.028124,329.55,1923520,0.668749927,329.55,0
1923525,SUR,VILLAHERMOSA,TABASCO,ABARROTES MONTERREY,329.55,-92.955489,17.99709,329.55,1923526,0.658928567,329.55,0
1923526,SUR,VILLAHERMOSA,TABASCO,ABARROTES MONTERREY,329.55,-92.9555602,17.9911645,329.55,1923525,0.658928567,329.55,0
1923527,SUR,VILLAHERMOSA,TABASCO,ABARROTES MONTERREY,292.5,-92.93364143,17.85319069,292.5,1923528,0.306296039,292.5,0
1923528,SUR,VILLAHERMOSA,TABASCO,ABARROTES MONTERREY,292.5,-92.931015,17.852034,292.5,1923527,0.306296039,292.5,0
1923529,SUR,VILLAHERMOSA,TABASCO,ABARROTES MONTERREY,307.5,-92.918506,17.9847893,307.5,1923540,0.367225698,329.55,-22.05
1923530,SUR,VILLAHERMOSA,TABASCO,ABARROTES MONTERREY,292.5,-92.91250634,17.9761946,292.5,1923531,0.404310409,315,-22.5
1923531,SUR,VILLAHERMOSA,TABASCO,ABARROTES MONTERREY,315,-92.909449,17.974012,315,1923530,0.404310409,292.5,22.5
1923532,SUR,VILLAHERMOSA,TABASCO,ABARROTES MONTERREY,329.55,-92.91135176,17.99694888,329.55,1923533,0.286051285,315,14.55
1923533,SUR,VILLAHERMOSA,TABASCO,ABARROTES MONTERREY,315,-92.90995,17.999149,315,1923532,0.286051285,329.55,-14.55
1923534,SUR,VILLAHERMOSA,TABASCO,ABARROTES MONTERREY,329.55,-92.9526277,17.9702539,329.55,1923536,0.590793214,292.5,37.05
1923535,SUR,VILLAHERMOSA,TABASCO,ABARROTES MONTERREY,329.55,-92.95896383,17.97107706,329.55,1923536,0.09690397,292.5,37.05
1923536,SUR,VILLAHERMOSA,TABASCO,ABARROTES MONTERREY,292.5,-92.9580934,17.971349,292.5,1923538,0.038466372,292.5,0
1923538,SUR,VILLAHERMOSA,TABASCO,ABARROTES MONTERREY,292.5,-92.9582656,17.9716537,292.5,1923536,0.038466372,292.5,0
1923539,SUR,VILLAHERMOSA,TABASCO,ABARROTES MONTERREY,329.55,-92.9254774,17.9877626,329.55,1923543,0.390634399,329.55,0
1923540,SUR,VILLAHERMOSA,TABASCO,ABARROTES MONTERREY,329.55,-92.919378,17.987986,329.55,1923541,0.353996248,329.55,0
1923541,SUR,VILLAHERMOSA,TABASCO,ABARROTES MONTERREY,329.55,-92.9172748,17.9904626,329.55,1923542,0.276874886,329.55,0
1923542,SUR,VILLAHERMOSA,TABASCO,ABARROTES MONTERREY,329.55,-92.918015,17.992851,329.55,1923541,0.276874886,329.55,0
1923543,SUR,VILLAHERMOSA,TABASCO,ABARROTES MONTERREY,329.55,-92.9241564,17.9910433,329.55,1923539,0.390634399,329.55,0
1923545,SUR,VILLAHERMOSA,TABASCO,ABARROTES MONTERREY,292.5,-93.0269359,17.9508938,292.5,1923505,1.597988644,292.5,0
1923546,CENTRO,PUEBLA,PUEBLA,ABARROTES RIVERA,238.5,-98.197335,18.9884,238.5,1923580,3.111465914,270,-31.5
1923549,CENTRO,PUEBLA,PUEBLA,ABARROTES RIVERA,238.5,-98.19008,19.089862,238.5,1923550,0.173556577,238.5,0
1923550,CENTRO,PUEBLA,PUEBLA,ABARROTES RIVERA,238.5,-98.18843,19.089792,238.5,1923549,0.173556577,238.5,0
1923552,CENTRO,PUEBLA,PUEBLA,ABARROTES RIVERA,285,-98.122783,19.045664,285,1923555,7.774698759,238.5,46.5
1923554,CENTRO,PUEBLA,PUEBLA,ABARROTES RIVERA,285,-98.314865,19.070867,285,1923560,4.797844322,238.5,46.5
1923555,CENTRO,PUEBLA,PUEBLA,ABARROTES RIVERA,238.5,-98.0489192,19.0419566,238.5,1923552,7.774698759,285,-46.5
1923558,CENTRO,PUEBLA,PUEBLA,ABARROTES RIVERA,238.5,-98.2031,19.0730575,238.5,1923549,2.315938919,238.5,0
1923560,CENTRO,PUEBLA,PUEBLA,ABARROTES RIVERA,238.5,-98.2698235,19.0779152,238.5,1923574,1.701362838,285,-46.5
1923562,CENTRO,PUEBLA,PUEBLA,ABARROTES RIVERA,285,-98.2202315,19.0382318,285,1923565,3.048199569,285,0
1923565,CENTRO,PUEBLA,PUEBLA,ABARROTES RIVERA,285,-98.2328985,19.0628919,285,1923577,1.826593293,285,0
1923574,CENTRO,PUEBLA,PUEBLA,ABARROTES RIVERA,285,-98.25401212,19.07462639,285,1923560,1.701362838,238.5,46.5
1923575,CENTRO,PUEBLA,PUEBLA,ABARROTES RIVERA,238.5,-98.2436552,18.9637597,238.5,1923580,2.514601482,270,-31.5
1923577,CENTRO,PUEBLA,PUEBLA,ABARROTES RIVERA,285,-98.2476239,19.0541668,285,1923565,1.826593293,285,0
1923580,CENTRO,PUEBLA,PUEBLA,ABARROTES RIVERA,270,-98.2214806,18.9722241,270,1923575,2.514601482,238.5,31.5
1923581,CENTRO,PUEBLA,PUEBLA,ABARROTES RIVERA,285,-98.261123,19.032943,285,1923577,2.753674669,285,0
1923583,CENTRO,CORTAZAR,GUANAJUATO,BASICOS,262.5,-100.964413,20.4839193,262.5,1923587,15.1063831,262.5,0
1923584,CENTRO,JARAL DE PROGRESO,GUANAJUATO,BASICOS,262.5,-101.0628554,20.37638681,262.5,1923884,11.82376831,225,37.5
1923585,CENTRO,IRAPUATO,GUANAJUATO,BASICOS,238.5,-101.356432,20.652835,238.5,1923883,32.88024147,236.55,1.95
1923586,CENTRO,CELAYA,GUANAJUATO,BASICOS,247.5,-100.8078055,20.510489,247.5,1923587,5.45228976,262.5,-15
1923587,CENTRO,CELAYA,GUANAJUATO,BASICOS,262.5,-100.838,20.550548,262.5,1923586,5.45228976,247.5,15
1923589,NORTE,APODACA,NUEVO LEON,COMERCIAL TREVI—O,307.5,-100.1928213,25.73298,307.5,1923596,4.272968056,250.8,56.7
1923592,NORTE,MONTERREY,NUEVO LEON,COMERCIAL TREVI—O,291,-100.1360197,25.7002553,291,1923418,2.086712286,307.5,-16.5
1923596,NORTE,GUADALUPE,NUEVO LEON,COMERCIALIZADORA JM,250.8,-100.2162442,25.7008652,250.8,1923589,4.272968056,307.5,-56.7
1923610,CENTRO,ZAMORA,MICHOAC¡N,DUERO,277.35,-102.2835667,19.98129787,277.35,154683,0.124926592,225,52.35
1923612,CENTRO,ZAMORA,MICHOAC¡N,DUERO,277.35,-102.286316,19.975417,277.35,1923627,0.255718178,277.35,0
1923613,CENTRO,ZAMORA,MICHOAC¡N,DUERO,277.35,-102.2837429,19.99937132,277.35,1923622,0.763609041,277.35,0
1923614,CENTRO,ZAMORA,MICHOAC¡N,DUERO,277.35,-102.292167,19.991528,277.35,1923622,0.483212115,277.35,0
1923615,CENTRO,ZAMORA,MICHOAC¡N,DUERO,277.35,-102.279953,19.968533,277.35,154677,0.775534951,225,52.35
1923617,CENTRO,ZAMORA,MICHOAC¡N,DUERO,277.35,-102.288694,19.98491029,277.35,1923619,0.474135193,277.35,0
1923618,CENTRO,ZAMORA,MICHOAC¡N,DUERO,277.35,-102.3070018,19.95309926,277.35,1923621,0.65929039,277.35,0
1923619,CENTRO,ZAMORA,MICHOAC¡N,DUERO,277.35,-102.285407,19.981971,277.35,154683,0.083699667,225,52.35
1923621,CENTRO,JACONA,MICHOAC¡N,DUERO,277.35,-102.3048302,19.95866597,277.35,154674,0.491340687,255,22.35
1923622,CENTRO,ZAMORA,MICHOAC¡N,DUERO,277.35,-102.2884608,19.9941269,277.35,1923614,0.483212115,277.35,0
1923623,CENTRO,ZAMORA,MICHOAC¡N,DUERO,277.35,-102.2625959,19.99463176,277.35,154682,0.25945513,225,52.35
1923624,CENTRO,ZAMORA,MICHOAC¡N,DUERO,253.05,-102.285151,19.98072,253.05,154683,0.105148289,225,28.05
1923627,CENTRO,ZAMORA,MICHOAC¡N,DUERO,277.35,-102.2887586,19.9755539,277.35,1923612,0.255718178,277.35,0
1923628,CENTRO,ZAMORA,MICHOAC¡N,DUERO,277.35,-102.2902,20.0069,277.35,154678,0.293387674,225,52.35
1923629,CENTRO,ZAMORA,MICHOAC¡N,DUERO,277.35,-102.252249,19.98986,277.35,1923623,1.204369378,277.35,0
1923630,CENTRO,ZAMORA,MICHOAC¡N,DUERO,277.35,-102.3080442,19.99980047,277.35,154680,0.107554193,255,22.35
1923631,CENTRO,ZAMORA,MICHOAC¡N,DUERO,277.35,-102.27533,20.0005449,277.35,1923613,0.888686384,277.35,0
1923632,CENTRO,ZAMORA,MICHOAC¡N,DUERO,277.35,-102.2740627,19.98751484,277.35,1923633,0.446916342,276.9,0.45
1923633,CENTRO,ZAMORA,MICHOAC¡N,DUERO,276.9,-102.271818,19.990936,276.9,1923632,0.446916342,277.35,-0.45
1923649,CENTRO,TOLUCA,TOLUCA,GARIS,255,-99.624628,19.256909,255,1923664,1.672798505,255,0
1923650,CENTRO,TOLUCA,TOLUCA,GARIS,255,-99.577404,19.157474,255,1923651,5.851909617,255,0
1923652,CENTRO,TOLUCA,TOLUCA,GARIS,234.45,-99.6321841,19.3164633,234.45,1923658,2.891525298,234.45,0
1923653,CENTRO,TOLUCA,TOLUCA,GARIS,234.45,-99.601768,19.344176,234.45,1923654,0.359329012,234.45,0
1923654,CENTRO,TOLUCA,TOLUCA,GARIS,234.45,-99.6050246,19.3451765,234.45,1923653,0.359329012,234.45,0
1923655,CENTRO,TOLUCA,TOLUCA,GARIS,242.4,-99.59463899,19.28084053,242.4,1923649,4.121898076,255,-12.6
1923657,CENTRO,TOLUCA,TOLUCA,GARIS,255,-99.6619326,19.2875638,255,1923659,1.062310027,234.45,20.55
1923658,CENTRO,TOLUCA,TOLUCA,GARIS,234.45,-99.64367655,19.29282917,234.45,1923659,0.955546855,234.45,0
1923659,CENTRO,TOLUCA,TOLUCA,GARIS,234.45,-99.6526492,19.2913709,234.45,1923658,0.955546855,234.45,0
1923660,CENTRO,TOLUCA,TOLUCA,GARIS,255,-99.64265083,19.27884756,255,1923658,1.558406914,234.45,20.55
1923664,CENTRO,TOLUCA,TOLUCA,GARIS,255,-99.6122424,19.2474437,255,1923649,1.672798505,255,0
1923669,CENTRO,TOLUCA,TOLUCA,GARIS,242.4,-99.66937929,19.27542367,242.4,1923657,1.559860824,255,-12.6
1923688,NORTE,JU¡REZ,NUEVO LEON,MAS BODEGA,300,-100.0929813,25.62984298,300,1923699,0.966687244,300,0
1923689,NORTE,JU¡REZ,NUEVO LEON,MAS BODEGA,354,-100.1518515,25.60936402,354,1923976,1.394646441,312,42
1923690,NORTE,JU¡REZ,NUEVO LEON,MAS BODEGA,354,-100.1277537,25.62279526,354,1923976,1.446883786,312,42
1923691,NORTE,JU¡REZ,NUEVO LEON,MAS BODEGA,358.5,-100.174673,25.610849,358.5,1923692,0.774093723,354,4.5
1923692,NORTE,JU¡REZ,NUEVO LEON,MAS BODEGA,354,-100.1823164,25.6118283,354,1923691,0.774093723,358.5,-4.5
1923693,NORTE,JU¡REZ,NUEVO LEON,MAS BODEGA,300,-100.0872571,25.68602071,300,1923696,1.639528607,300,0
1923694,NORTE,JU¡REZ,NUEVO LEON,MAS BODEGA,354,-100.126417,25.668555,354,1924089,0.355503994,307.5,46.5
1923695,NORTE,JU¡REZ,NUEVO LEON,MAS BODEGA,300,-100.0783985,25.64909841,300,1923697,2.387559822,300,0
1923696,NORTE,JU¡REZ,NUEVO LEON,MAS BODEGA,300,-100.079275,25.67315,300,1923693,1.639528607,300,0
1923697,NORTE,JU¡REZ,NUEVO LEON,MAS BODEGA,300,-100.0565445,25.64056031,300,1923695,2.387559822,300,0
1923698,NORTE,GUADALUPE,NUEVO LEON,MAS BODEGA,274.8,-100.175807,25.666804,274.8,1923437,0.65304303,330,-55.2
1923699,NORTE,JU¡REZ,NUEVO LEON,MAS BODEGA,300,-100.0882099,25.62228845,300,1923688,0.966687244,300,0
1923707,SUR,OAXACA,OAXACA,CONSUMO Z,345,-96.7274537,17.0576729,345,154716,0.114365398,345,0
1923708,SUR,OAXACA,OAXACA,CONSUMO Z,345,-96.71287473,17.08073435,345,154731,0.307711164,345,0
1923709,SUR,OAXACA,OAXACA,CONSUMO Z,345,-96.71382239,17.05029139,345,1923713,1.029734864,345,0
1923710,SUR,OAXACA,OAXACA,CONSUMO Z,345,-96.7144003,17.0749893,345,154737,0.220182096,345,0
1923711,SUR,OAXACA,OAXACA,CONSUMO Z,345,-96.7189874,17.0820499,345,154730,0.513064009,345,0
1923712,SUR,OAXACA,OAXACA,CONSUMO Z,345,-96.7251545,17.0640729,345,154711,0.28520981,345,0
1923713,SUR,OAXACA,OAXACA,CONSUMO Z,345,-96.7131066,17.0595267,345,1923709,1.029734864,345,0
1923717,CENTRO,PUEBLA,PUEBLA,ABARROTES RIVERA,238.5,-98.2432501,19.0000003,238.5,1923580,3.844301585,270,-31.5
1923732,CENTRO,IZTAPALAPA,CDMX,CONSUMO Z,237,-99.02388039,19.34446714,237,1924298,0.027336915,233.55,3.45
1923734,CENTRO,IZTAPALAPA,CDMX,CONSUMO Z,226.5,-99.058324,19.402036,226.5,1924269,4.183939023,230.1,-3.6
1923736,CENTRO,IZTAPALAPA,CDMX,CONSUMO Z,226.5,-99.08120733,19.31908923,226.5,1923289,5.550053342,300,-73.5
1923742,CENTRO,TLALNEPANTLA,EDO MEX,CONSUMO Z,229.5,-99.18836347,19.54418815,229.5,153810,0.0862231,229.95,-0.45
1923744,CENTRO,ATIZAPAN,EDO MEX,CONSUMO Z,252.15,-99.2528129,19.57055329,252.15,154156,0.007607274,300,-47.85
1923745,CENTRO,ATIZAPAN,EDO MEX,CONSUMO Z,237,-99.25307108,19.57141755,237,154160,0.014511443,300,-63
1923748,SUR,SAN ANDRES TUXTLA,VERACRUZ,COMERCIALIZADORA DE CERVEZAS DELOS TUXTLAS SA DE C,285,-95.214203,18.446679,285,1923749,0.441150591,285,0
1923749,SUR,SAN ANDRES TUXTLA,VERACRUZ,COMERCIALIZADORA DE CERVEZAS DELOS TUXTLAS SA DE C,285,-95.21133657,18.449568,285,1923748,0.441150591,285,0
1923750,SUR,SAN ANDRES TUXTLA,VERACRUZ,COMERCIALIZADORA DE CERVEZAS DELOS TUXTLAS SA DE C,285,-95.208002,18.446863,285,1923749,0.46280207,285,0
1923751,SUR,SAN ANDRES TUXTLA,VERACRUZ,COMERCIALIZADORA DE CERVEZAS DELOS TUXTLAS SA DE C,285,-95.21257,18.440448,285,1923752,0.502074117,285,0
1923752,SUR,SAN ANDRES TUXTLA,VERACRUZ,COMERCIALIZADORA DE CERVEZAS DELOS TUXTLAS SA DE C,285,-95.21648744,18.43788352,285,1923751,0.502074117,285,0
1923754,SUR,SAN ANDRES TUXTLA,VERACRUZ,COMERCIALIZADORA DE CERVEZAS DELOS TUXTLAS SA DE C,285,-95.22780569,18.44779323,285,1923755,0.259115387,285,0
1923755,SUR,SAN ANDRES TUXTLA,VERACRUZ,COMERCIALIZADORA DE CERVEZAS DELOS TUXTLAS SA DE C,285,-95.23014638,18.44850035,285,1923754,0.259115387,285,0
1923757,SUR,SAN ANDRES TUXTLA,VERACRUZ,COMERCIALIZADORA DE CERVEZAS DELOS TUXTLAS SA DE C,285,-95.21403429,18.45457655,285,1923758,0.348067916,285,0
1923758,SUR,SAN ANDRES TUXTLA,VERACRUZ,COMERCIALIZADORA DE CERVEZAS DELOS TUXTLAS SA DE C,285,-95.21722729,18.45378611,285,1923757,0.348067916,285,0
1923761,SUR,CATEMACO,VERACRUZ,COMERCIALIZADORA DE CERVEZAS DELOS TUXTLAS SA DE C,285,-95.10663,18.41711,285,1923762,0.324037842,285,0
1923762,SUR,CATEMACO,VERACRUZ,COMERCIALIZADORA DE CERVEZAS DELOS TUXTLAS SA DE C,285,-95.10562753,18.41986456,285,1923770,0.004995618,277.5,7.5
1923765,SUR,CATEMACO,VERACRUZ,COMERCIALIZADORA DE CERVEZAS DELOS TUXTLAS SA DE C,285,-95.1139738,18.4292203,285,1923766,0.377222166,285,0
1923766,SUR,CATEMACO,VERACRUZ,COMERCIALIZADORA DE CERVEZAS DELOS TUXTLAS SA DE C,285,-95.11086342,18.42754669,285,1923765,0.377222166,285,0
1923768,SUR,CATEMACO,VERACRUZ,BUCIO MARIN RAMON (SUPER RODEO),277.5,-95.11383661,18.42214722,277.5,1923769,0.499813066,277.5,0
1923769,SUR,CATEMACO,VERACRUZ,BUCIO MARIN RAMON (SUPER RODEO),277.5,-95.1114545,18.4182618,277.5,1923768,0.499813066,277.5,0
1923770,SUR,CATEMACO,VERACRUZ,BUCIO MARIN RAMON (SUPER RODEO),277.5,-95.10558357,18.41988125,277.5,1923762,0.004995618,285,-7.5
1923771,SUR,CORDOBA,VERACRUZ,DACSA DEL MERCADO,235.5,-96.93006823,18.89610355,235.5,153885,0.075823415,235.5,0
1923774,SUR,CORDOBA,VERACRUZ,DACSA DEL MERCADO,235.5,-96.919873,18.886534,235.5,153884,0.743093606,235.5,0
1923784,SUR,COATZACOALCOS,VERACRUZ,DISTRIBUIDORA DE PERFUMERÕA Y POPULARES,331.5,-94.52641876,18.14922746,331.5,1923787,2.780709206,331.5,0
1923785,SUR,COATZACOALCOS,VERACRUZ,DISTRIBUIDORA DE PERFUMERÕA Y POPULARES,331.5,-94.4565653,18.14423296,331.5,1923791,2.012468386,331.5,0
1923787,SUR,COATZACOALCOS,VERACRUZ,DISTRIBUIDORA DE PERFUMERÕA Y POPULARES,331.5,-94.50314775,18.13755065,331.5,1923784,2.780709206,331.5,0
1923791,SUR,COATZACOALCOS,VERACRUZ,DISTRIBUIDORA DE PERFUMERÕA Y POPULARES,331.5,-94.47545174,18.14189902,331.5,1923785,2.012468386,331.5,0
1923794,SUR,COATZACOALCOS,VERACRUZ,DISTRIBUIDORA DE PERFUMERÕA Y POPULARES,334.5,-94.41398681,18.14678557,334.5,1923785,4.508002953,331.5,3
1923796,SUR,XALAPA,VERACRUZ,ABARROTES FASTI SA DE CV,330,-96.87688347,19.51548511,330,1923797,0.665272057,337.5,-7.5
1923797,SUR,XALAPA,VERACRUZ,ABARROTES FASTI SA DE CV,337.5,-96.87165819,19.51888209,337.5,1923796,0.665272057,330,7.5
1923798,SUR,XALAPA,VERACRUZ,ABARROTES FASTI SA DE CV,337.5,-96.85997431,19.51543401,337.5,1923800,0.672799424,322.5,15
1923799,SUR,XALAPA,VERACRUZ,ABARROTES FASTI SA DE CV,322.5,-96.85169814,19.51252062,322.5,1923800,0.476948881,322.5,0
1923800,SUR,XALAPA,VERACRUZ,ABARROTES FASTI SA DE CV,322.5,-96.85363738,19.51640097,322.5,1923799,0.476948881,322.5,0
1923801,SUR,XALAPA,VERACRUZ,ABARROTES FASTI SA DE CV,322.5,-96.92884768,19.52612516,322.5,1923802,0.362936887,322.5,0
1923802,SUR,XALAPA,VERACRUZ,ABARROTES FASTI SA DE CV,322.5,-96.9280024,19.52295991,322.5,1923805,0.27961572,322.5,0
1923803,SUR,XALAPA,VERACRUZ,ABARROTES FASTI SA DE CV,322.5,-96.92968245,19.51970599,322.5,1923802,0.402387245,322.5,0
1923804,SUR,XALAPA,VERACRUZ,ABARROTES FASTI SA DE CV,322.5,-96.92328215,19.52058661,322.5,1923805,0.335529119,322.5,0
1923805,SUR,XALAPA,VERACRUZ,ABARROTES FASTI SA DE CV,322.5,-96.92533507,19.52290207,322.5,1923802,0.27961572,322.5,0
1923817,CENTRO,TEHUACAN,PUEBLA,ABARROTERA HIDALGO,220.05,-97.38034707,18.45790807,220.05,1923498,0.507334916,228,-7.95
1923818,CENTRO,TEHUACAN,PUEBLA,ABARROTES LA CORONA,240,-97.39039689,18.46069271,240,1923820,0.283145286,220.05,19.95
1923820,CENTRO,TEHUACAN,PUEBLA,ABARROTERA HIDALGO,220.05,-97.38774266,18.46107423,220.05,1923818,0.283145286,240,-19.95
1923822,NORTE,ZAPOPAN,JALISCO,SUPER MERCADOS DE ZAPOPAN,246,-103.3690227,20.72839954,246,1923823,0.059988592,246,0
1923823,NORTE,ZAPOPAN,JALISCO,SUPER MERCADOS DE ZAPOPAN,246,-103.3694332,20.72802053,246,1924511,0.00500463,246,0
1923826,NORTE,ZAPOPAN,JALISCO,SUPER MERCADOS DE ZAPOPAN,246,-103.369152,20.72996,246,1923822,0.174035719,246,0
1923845,CENTRO,MORELIA,MICHOAC¡N,ABARROTES LA VIOLETA,300,-101.171856,19.717751,300,1923399,0.058021779,225,75
1923851,CENTRO,CUERNAVACA,MORELOS,ABARROTERA CASA ALONSO,262.35,-99.21589097,18.92437965,262.35,1924300,1.831554258,229.05,33.3
1923852,CENTRO,CUERNAVACA,MORELOS,ABARROTERA CASA ALONSO,262.35,-99.18242223,18.91223497,262.35,1923370,0.941767789,229.05,33.3
1923855,CENTRO,CUAUTLA,MORELOS,ABARROTERA SAN ANTONIO,270,-98.94109733,18.84262259,270,154206,1.931264754,262.2,7.8
1923866,CENTRO,YURIRIA,GUANAJUATO,ABARROTERA CERANO,233.85,-101.1342538,20.2145427,233.85,1923867,1.022975656,237.6,-3.75
1923867,CENTRO,YURIRIA,GUANAJUATO,ABARROTERA CERANO,237.6,-101.124893,20.211809,237.6,1923866,1.022975656,233.85,3.75
1923868,CENTRO,URIANGATO,GUANAJUATO,BEDOLLA GUZMAN MA BEDOLLA,238.5,-101.1896158,20.1473927,238.5,1923871,0.908568622,262.5,-24
1923871,CENTRO,URIANGATO,GUANAJUATO,ABARROTERA CERANO,262.5,-101.1819056,20.14360212,262.5,1923868,0.908568622,238.5,24
1923873,CENTRO,URIANGATO,GUANAJUATO,BEDOLLA GUZMAN MA BEDOLLA,238.5,-101.1791996,20.1335557,238.5,1923881,0.786368523,270,-31.5
1923874,CENTRO,URIANGATO,GUANAJUATO,ABARROTERA CERANO,262.5,-101.174449,20.12146,262.5,1923881,0.969600798,270,-7.5
1923876,CENTRO,MOROLEON,GUANAJUATO,BEDOLLA GUZMAN MA BEDOLLA,238.5,-101.1888154,20.13543705,238.5,1923877,0.163343981,238.5,0
1923877,CENTRO,MOROLEON,GUANAJUATO,BEDOLLA GUZMAN MA BEDOLLA,238.5,-101.1899113,20.13438864,238.5,1923876,0.163343981,238.5,0
1923880,CENTRO,MOROLEON,GUANAJUATO,BEDOLLA GUZMAN MA BEDOLLA,238.5,-101.1925699,20.12723815,238.5,1923882,0.378181739,238.5,0
1923881,CENTRO,MOROLEON,GUANAJUATO,ABARROTERA CERANO,270,-101.1817155,20.1268899,270,1924279,0.339374264,238.5,31.5
1923882,CENTRO,MOROLEON,GUANAJUATO,BEDOLLA GUZMAN MA BEDOLLA,238.5,-101.1944282,20.12431872,238.5,1923880,0.378181739,238.5,0
1923883,CENTRO,VALLE DE SANTIAGO,GUANAJUATO,ABARROTERA CERANO,236.55,-101.2020932,20.3948708,236.55,1923885,1.173418427,225,11.55
1923884,CENTRO,VALLE DE SANTIAGO,GUANAJUATO,ABARROTERA CERANO,225,-101.1752075,20.39105838,225,1923885,1.668860158,225,0
1923885,CENTRO,VALLE DE SANTIAGO,GUANAJUATO,ABARROTERA CERANO,225,-101.1911595,20.39235443,225,1923883,1.173418427,236.55,-11.55
1923886,CENTRO,YURIRIA,GUANAJUATO,ABARROTERA CERANO,239.4,-101.3879021,20.10654502,239.4,1923889,0.332393221,239.4,0
1923887,CENTRO,YURIRIA,GUANAJUATO,ABARROTERA CERANO,239.4,-101.3990572,20.09911265,239.4,1923886,1.428226131,239.4,0
1923889,CENTRO,PURUANDIRO,GUANAJUATO,ABARROTERA CERANO,239.4,-101.3895392,20.1091087,239.4,1923886,0.332393221,239.4,0
1923917,CENTRO,XILITLA,SAN LUIS POTOSI,AGRAZ NU—O JOSE DE JESUS,270,-98.991742,21.385388,270,1923920,0.024343824,270,0
1923919,CENTRO,XILITLA,SAN LUIS POTOSI,AGRAZ NU—O JOSE DE JESUS,270,-98.99009732,21.38495263,270,1923920,0.154535829,270,0
1923920,CENTRO,XILITLA,SAN LUIS POTOSI,AGRAZ NU—O JOSE DE JESUS,270,-98.99155362,21.385257,270,1923917,0.024343824,270,0
1923964,NORTE,CD JUAREZ,CHIHUAHUA,ESPINO SANDERS,259.8,-106.470597,31.719822,259.8,1923955,0.33067755,240,19.8
1923967,NORTE,CD JUAREZ,CHIHUAHUA,ESPINO AERONAUTICA,259.8,-106.4418254,31.62008096,259.8,1923422,0.019004852,270,-10.2
1923969,NORTE,CD JUAREZ,CHIHUAHUA,ESPINO VOY 1,259.8,-106.4452959,31.6191464,259.8,1923974,0.058631905,259.8,0
1923973,NORTE,CD JUAREZ,CHIHUAHUA,ESPINO COMERCIAL,259.8,-106.4384427,31.61747071,259.8,1923421,0.23446474,270,-10.2
1923974,NORTE,CD JUAREZ,CHIHUAHUA,ESPINO VOY 3,259.8,-106.4447975,31.6188335,259.8,1923969,0.058631905,259.8,0
1923976,NORTE,JU¡REZ,NUEVO LEON,MARTINEZ TORRES ADAN HUGO,312,-100.1402262,25.61625014,312,1923689,1.394646441,354,-42
1923990,SUR,OCOSINGO,CHIAPAS,CENTROS COMERCIALES ABARRTOTERA BELEM CHIAPAS,232.95,-92.0922,16.9135,232.95,1923993,0.468683711,232.95,0
1923991,SUR,OCOSINGO,CHIAPAS,CENTROS COMERCIALES ABARRTOTERA BELEM CHIAPAS,234.9,-92.091466,16.90765349,234.9,1923993,0.331817622,232.95,1.95
1923992,SUR,OCOSINGO,CHIAPAS,CENTROS COMERCIALES ABARRTOTERA BELEM CHIAPAS,232.5,-92.08645747,16.90776209,232.5,1923993,0.424742178,232.95,-0.45
1923993,SUR,OCOSINGO,CHIAPAS,CENTROS COMERCIALES ABARRTOTERA BELEM CHIAPAS,232.95,-92.0896378,16.9100712,232.95,1923991,0.331817622,234.9,-1.95
1923994,SUR,TONAL¡,CHIAPAS,FLORES VAZQUEZ REGULO,264,-93.75114815,16.08990251,264,1923995,0.134533869,264,0
1923995,SUR,TONAL¡,CHIAPAS,FLORES VAZQUEZ REGULO,264,-93.750906,16.0887152,264,1923994,0.134533869,264,0
1923996,SUR,TONAL¡,CHIAPAS,FLORES VAZQUEZ REGULO,264,-93.7526858,16.0870832,264,1923997,0.209003072,264,0
1923997,SUR,TONAL¡,CHIAPAS,FLORES VAZQUEZ REGULO,264,-93.7536397,16.0887242,264,153897,0.057445505,257.25,6.75
1923998,SUR,ARRIAGA,CHIAPAS,FLORES VAZQUEZ REGULO,255.15,-93.8996445,16.23460311,255.15,153861,0.034290178,264,-8.85
1923999,SUR,ARRIAGA,CHIAPAS,FLORES VAZQUEZ REGULO,264,-93.9012712,16.2336173,264,1924000,0,264,0
1924000,SUR,ARRIAGA,CHIAPAS,FLORES VAZQUEZ REGULO,264,-93.9012712,16.2336173,264,1923999,0,264,0
1924001,SUR,ARRIAGA,CHIAPAS,FLORES VAZQUEZ REGULO,264,-93.90109289,16.23351226,264,1923999,0.022334222,264,0
1924021,SUR,SAN CRISTOBAL,CHIAPAS,CESAR SANTIZ,300,-92.63608,16.744204,300,1923470,0.146798491,255,45
1924022,SUR,SAN CRISTOBAL,CHIAPAS,CESAR SANTIZ,315,-92.63727552,16.74343538,315,1924021,0.153328853,300,15
1924023,SUR,PALENQUE,CHIAPAS,CANDIDO GUTIERREZ GOMEZ (AB HERNANDEZ ),243.9,-91.988772,17.512876,243.9,1923478,0.155398006,232.95,10.95
1924025,SUR,VILLAHERMOSA,TABASCO,LOGI COMER PRO SA DE CV,300,-92.965408,17.992767,300,1923486,0.041440644,307.5,-7.5
1924029,CENTRO,IZTAPALAPA,CDMX,GPO MAYORISTA S TIENDAS,232.95,-99.0935698,19.3757558,232.95,154134,0.045901781,229.95,3
1924031,CENTRO,IZTAPALAPA,CDMX,CEDA,228.9,-99.0927111,19.3756138,228.9,154134,0.045970942,229.95,-1.05
1924038,CENTRO,TLALNEPANTLA,EDO MEX,CALI BEBIDAS,219,-99.18938346,19.54764646,219,1923340,0.122404406,219.9,-0.9
1924040,CENTRO,ECATEPEC,EDO MEX,CEDA,249,-99.0015628,19.6168353,249,1923272,0.041070792,229.95,19.05
1924056,NORTE,JU¡REZ,NUEVO LEON,MAS BODEGA,300,-100.0999118,25.66448149,300,1923696,2.281831816,300,0
1924067,NORTE,CHIHUAHUA,CHIHUAHUA,DUERO,238.05,-106.1228879,28.6956854,238.05,154750,0.326062616,246.45,-8.4
1924069,NORTE,JUAREZ,CHIHUAHUA,MERZA,274.65,-106.4494223,31.6147182,274.65,1923969,0.628587169,259.8,14.85
1924070,CENTRO,MORELIA,MICHOAC¡N,DUERO,270.9,-101.1675937,19.71540534,270.9,1923405,0.158092414,233.55,37.35
1924071,CENTRO,MORELIA,MICHOAC¡N,DUERO,277.35,-101.1809971,19.70654971,277.35,1923380,0.639699857,238.5,38.85
1924072,CENTRO,MORELIA,MICHOAC¡N,DUERO,277.35,-101.2038648,19.70778651,277.35,1923391,1.535748565,277.5,-0.15
1924074,CENTRO,CDMX,CDMX,DUERO,237.6,-103.2998178,20.6684489,237.6,1924075,0.114404479,237.6,0
1924075,NORTE,GUADALAJARA,JALISCO,DUERO,237.6,-103.3009135,20.6685359,237.6,1924074,0.114404479,237.6,0
1924076,NORTE,GUADALAJARA,JALISCO,DUERO,277.35,-103.3659408,20.6831974,277.35,154644,3.991027712,225,52.35
1924089,NORTE,JU¡REZ,NUEVO LEON,DISTRIBUIDORA SUMERCA,307.5,-100.127941,25.665668,307.5,1923694,0.355503994,354,-46.5
1924091,NORTE,MONTERREY,NUEVO LEON,DISTRIBUIDORA SUMERCA,307.5,-100.38638,25.780801,307.5,153698,0.623407965,285,22.5
1924095,NORTE,JU¡REZ,NUEVO LEON,DISTRIBUIDORA SUMERCA,307.5,-100.1112305,25.6232135,307.5,1923690,1.657271095,354,-46.5
1924097,NORTE,MONTERREY,NUEVO LEON,DISTRIBUIDORA SUMERCA,307.5,-100.30207,25.66914,307.5,153699,7.016722103,300,7.5
1924102,NORTE,GUADALAJARA,JALISCO,DUERO,277.35,-103.279584,20.650641,277.35,1924103,0.168760811,277.35,0
1924103,NORTE,GUADALAJARA,JALISCO,DUERO,277.35,-103.281094,20.651195,277.35,1924102,0.168760811,277.35,0
1924104,NORTE,GUADALAJARA,JALISCO,DUERO,277.35,-103.3236114,20.6749118,277.35,154581,0.356775073,277.35,0
1924114,CENTRO,MORELIA,MICHOAC¡N,DUERO,277.35,-101.1731198,19.70252277,277.35,1924071,0.938354946,277.35,0
1924115,CENTRO,MORELIA,MICHOAC¡N,DUERO,277.35,-101.153858,19.709734,277.35,1923379,0.381773138,238.5,38.85
1924116,CENTRO,MORELIA,MICHOAC¡N,DUERO,277.35,-101.218559,19.710417,277.35,1923395,0.65821328,238.5,38.85
1924117,CENTRO,MORELIA,MICHOAC¡N,DUERO,277.35,-101.2308645,19.6875046,277.35,1923392,1.691735356,238.5,38.85
1924131,SUR,OAXACA,OAXACA,CEDA,297.6,-96.73407137,17.05653492,297.6,153688,0.069122481,271.5,26.1
1924134,CENTRO,IZTAPALAPA,CDMX,CEDA,229.95,-99.0909968,19.3764102,229.95,1923305,0.046425205,229.95,0
1924135,CENTRO,IZTAPALAPA,CDMX,CEDA,229.95,-99.094408,19.376552,229.95,1923287,0.058984623,213.75,16.2
1924268,CENTRO,IZTAPALAPA,CDMX,ANICETOS,229.95,-99.092006,19.375714,229.95,1923284,0.062993344,228.9,1.05
1924269,CENTRO,IZTAPALAPA,CDMX,ANICETOS,230.1,-99.0908606,19.3802676,230.1,1923300,0.187445557,229.95,0.15
1924277,SUR,OAXACA,OAXACA,MINI ABASTOS,277.5,-96.732327,17.0568467,277.5,153688,0.153206394,271.5,6
1924279,CENTRO,MOROLEON,GUANAJUATO,RANGEL GUZMAN ESTABAN ARTURO,238.5,-101.1848477,20.1260738,238.5,1923881,0.339374264,270,-31.5
1924281,NORTE,TLAJOMULCO,JALISCO,SUPER MERCADOS DE ZAPOPAN,250.5,-103.378433,20.526749,250.5,1924508,1.957185074,250.5,0
1924291,CENTRO,GUSTAVO A. MADERO,CDMX,CONSUMO Z,270,-99.0945997,19.5012913,270,1924293,4.390098023,277.5,-7.5
1924293,CENTRO,GUSTAVO A. MADERO,CDMX,CONSUMO Z,277.5,-99.104125,19.462845,277.5,1924297,2.481761415,277.5,0
1924296,CENTRO,NEZAHUALCOYOTL,EDO MEX,CONSUMO Z,304.05,-99.053913,19.473545,304.05,1923280,3.313494404,257.85,46.2
1924297,CENTRO,CUAUHTEMOC,CDMX,CONSUMO Z,277.5,-99.127663,19.460478,277.5,1924293,2.481761415,277.5,0
1924298,CENTRO,IZTAPALAPA,CDMX,SUPER TIENDAZZ,233.55,-99.0241003,19.344599,233.55,1923732,0.027336915,237,-3.45
1924299,CENTRO,CHICOLOAPAN,EDO MEX,CONSUMO Z,270,-98.9227032,19.419019,270,1923315,0.054735448,300,-30
1924300,CENTRO,CUERNAVACA,MORELOS,ABARROTERA FUENTES,229.05,-99.2328889,18.92795441,229.05,1923851,1.831554258,262.35,-33.3
1924496,CENTRO,TULANCINGO,HIDALGO,CARLOS JU¡REZ,222.75,-98.3628379,20.0952521,222.75,153830,1.121204512,375,-152.25
1924498,CENTRO,TULANCINGO,HIDALGO,CARLOS JU¡REZ,248.25,-98.37124243,20.08052981,248.25,153830,0.942201827,375,-126.75
1924506,NORTE,SAN PEDRO TLAQUEPAQUE,JALISCO,SUPER MERCADOS DE ZAPOPAN,250.5,-103.2856646,20.61123511,250.5,154587,4.308558185,277.35,-26.85
1924507,NORTE,TLAJOMULCO,JALISCO,SUPER MERCADOS DE ZAPOPAN,250.5,-103.3978036,20.5297564,250.5,1924508,1.656609396,250.5,0
1924508,NORTE,TLAJOMULCO,JALISCO,SUPER MERCADOS DE ZAPOPAN,250.5,-103.3929488,20.5155689,250.5,1924507,1.656609396,250.5,0
1924509,NORTE,TLAJOMULCO,JALISCO,SUPER MERCADOS DE ZAPOPAN,250.5,-103.365869,20.502236,250.5,1924281,3.023510514,250.5,0
1924510,NORTE,TLAJOMULCO,JALISCO,SUPER MERCADOS DE ZAPOPAN,250.5,-103.3361481,20.51264566,250.5,1924509,3.304717511,250.5,0
1924511,NORTE,ZAPOPAN,JALISCO,SUPER MERCADOS DE ZAPOPAN,246,-103.3694797,20.7280319,246,1923823,0.00500463,246,0
1924531,SUR,HUEJUTLA,VERACRUZ,MEGABASA,292.5,-98.41589838,21.14460251,292.5,1924534,0.288169119,292.5,0
1924534,SUR,HUEJUTLA,VERACRUZ,MEGABASA,292.5,-98.417142,21.142285,292.5,1924531,0.288169119,292.5,0
1930180,NORTE,TIJUANA,BAJA CALIFORNIA SUR,CEDA,269.85,-117.0382887,32.53120371,269.85,1930181,1.195809944,269.85,0
1930181,NORTE,TIJUANA,BAJA CALIFORNIA SUR,CEDA,269.85,-117.0257351,32.5292979,269.85,1930194,0.923196982,245.85,24
1930182,NORTE,TIJUANA,BAJA CALIFORNIA SUR,CEDA,246,-116.9520993,32.48962593,246,1930178,0.861372056,269.85,-23.85
1930183,NORTE,TIJUANA,BAJA CALIFORNIA SUR,CEDA,269.85,-116.9584001,32.4957922,269.85,1930184,0.794557788,269.85,0
1930184,NORTE,TIJUANA,BAJA CALIFORNIA SUR,CEDA,269.85,-116.9667969,32.49674274,269.85,1930183,0.794557788,269.85,0
1930185,NORTE,TIJUANA,BAJA CALIFORNIA SUR,CEDA,269.85,-116.9786478,32.50498288,269.85,1930184,1.440381993,269.85,0
1930186,NORTE,TIJUANA,BAJA CALIFORNIA SUR,CEDA,269.85,-116.8979088,32.5008548,269.85,1930187,0.43857502,246,23.85
1930187,NORTE,TIJUANA,BAJA CALIFORNIA SUR,CEDA,246,-116.8935488,32.50228159,246,1930186,0.43857502,269.85,-23.85
1930188,NORTE,TIJUANA,BAJA CALIFORNIA SUR,CEDA,269.85,-116.882525,32.49160019,269.85,1930187,1.574656082,246,23.85
1930189,NORTE,TIJUANA,BAJA CALIFORNIA SUR,CEDA,315,-116.8609138,32.4750476,315,1930190,1.451746817,269.85,45.15
1930190,NORTE,TIJUANA,BAJA CALIFORNIA SUR,CEDA,269.85,-116.8469264,32.46946158,269.85,1930189,1.451746817,315,-45.15
1930191,NORTE,TIJUANA,BAJA CALIFORNIA SUR,CEDA,246,-116.8375073,32.45519739,246,1930190,1.815668381,269.85,-23.85
1930192,NORTE,TIJUANA,BAJA CALIFORNIA SUR,CEDA,269.85,-116.8491355,32.48500197,269.85,1930199,0.791465758,269.85,0
1930194,NORTE,TIJUANA,BAJA CALIFORNIA SUR,CEDA,245.85,-117.0204859,32.52227346,245.85,1930181,0.923196982,269.85,-24
1930195,NORTE,TIJUANA,BAJA CALIFORNIA SUR,CEDA,246,-116.864329,32.50427394,246,1930198,1.163791425,269.85,-23.85
1930196,NORTE,TIJUANA,BAJA CALIFORNIA SUR,CEDA,246,-116.8716851,32.51356267,246,1930198,1.231775798,269.85,-23.85
1930197,NORTE,TIJUANA,BAJA CALIFORNIA SUR,CEDA,315,-116.8881591,32.5136877,315,1930187,1.365293278,246,69
1930198,NORTE,TIJUANA,BAJA CALIFORNIA SUR,CEDA,269.85,-116.8585485,32.51353563,269.85,1930195,1.163791425,246,23.85
1930199,NORTE,TIJUANA,BAJA CALIFORNIA SUR,CEDA,269.85,-116.8548589,32.49023229,269.85,1930192,0.791465758,269.85,0
1930200,SUR,TUXTLA,CHIAPAS,CEDA,221.5,-93.0674564,16.74344339,221.5,1923442,0.061823802,220,1.5
1930201,SUR,TUXTLA,CHIAPAS,CEDA,221.5,-93.0678686,16.7449116,221.5,1923441,0.037459765,220,1.5
1930202,SUR,TUXTLA,CHIAPAS,CEDA,216.3,-93.068481,16.744286,216.3,1923441,0.08535169,220,-3.7
1930211,NORTE,CHIHUAHUA,CHIHUAHUA,ABASTECEDORA COMERCIAL DE PARRAL,246.45,-106.080758,28.63850695,246.45,154161,5.147578853,240,6.45
1930233,CENTRO,CHICOLOAPAN,EDO MEX,CEDA,258,-98.91886,19.41917,258,1923313,0.128332544,300,-42
1948409,CENTRO,QUERETARO,QUERETARO,LA FAVORITA QUERETANA,253.2,#N/D,#N/D,253.2,Sin coordenadas,,,
1948410,CENTRO,QUERETARO,QUERETARO,LA FAVORITA QUERETANA,253.2,#N/D,#N/D,253.2,Sin coordenadas,,,
1948411,CENTRO,QUERETARO,QUERETARO,LA FAVORITA QUERETANA,253.2,#N/D,#N/D,253.2,Sin coordenadas,,,
1948412,CENTRO,QUERETARO,QUERETARO,LA FAVORITA QUERETANA,246.45,#N/D,#N/D,246.45,Sin coordenadas,,,
1948413,CENTRO,QUERETARO,QUERETARO,LA FAVORITA QUERETANA,255,#N/D,#N/D,255,Sin coordenadas,,,
1948443,NORTE,NOGALES,SONORA,"ECONOMAX, S.A. DE C.V.",223.5,#N/D,#N/D,223.5,Sin coordenadas,,,
1948444,NORTE,NOGALES,SONORA,"ECONOMAX, S.A. DE C.V.",268.5,#N/D,#N/D,268.5,Sin coordenadas,,,
1948445,NORTE,NOGALES,SONORA,"ECONOMAX, S.A. DE C.V.",268.5,#N/D,#N/D,268.5,Sin coordenadas,,,
1948446,NORTE,NOGALES,SONORA,"ECONOMAX, S.A. DE C.V.",268.5,#N/D,#N/D,268.5,Sin coordenadas,,,
1948447,NORTE,NOGALES,SONORA,"ECONOMAX, S.A. DE C.V.",268.5,#N/D,#N/D,268.5,Sin coordenadas,,,
1948448,NORTE,NOGALES,SONORA,"ECONOMAX, S.A. DE C.V.",268.5,#N/D,#N/D,268.5,Sin coordenadas,,,
1948449,SUR,VILLAHERMOSA,TABASCO,ABARROTES MONTERREY,329.55,#N/D,#N/D,329.55,Sin coordenadas,,,
1948451,SUR,VILLAHERMOSA,TABASCO,ABARROTES MONTERREY,292.5,#N/D,#N/D,292.5,Sin coordenadas,,,
1948452,SUR,VILLAHERMOSA,TABASCO,ABARROTES MONTERREY,329.55,#N/D,#N/D,329.55,Sin coordenadas,,,
1948453,SUR,VILLAHERMOSA,TABASCO,ABARROTES MONTERREY,329.55,#N/D,#N/D,329.55,Sin coordenadas,,,
1948455,SUR,VILLAHERMOSA,TABASCO,ABARROTES MONTERREY,329.55,#N/D,#N/D,329.55,Sin coordenadas,,,
1948456,SUR,VILLAHERMOSA,TABASCO,ABARROTES MONTERREY,315,#N/D,#N/D,315,Sin coordenadas,,,
1948457,SUR,VILLAHERMOSA,TABASCO,ABARROTES MONTERREY,329.55,#N/D,#N/D,329.55,Sin coordenadas,,,
1948459,SUR,VILLAHERMOSA,TABASCO,ABARROTES MONTERREY,292.5,#N/D,#N/D,292.5,Sin coordenadas,,,
1948462,SUR,VILLAHERMOSA,TABASCO,ABARROTES MONTERREY,292.5,#N/D,#N/D,292.5,Sin coordenadas,,,
1948463,CENTRO,APIZACO,TLAXCALA,ABARROTES RIVERA,292.5,#N/D,#N/D,292.5,Sin coordenadas,,,
1948464,CENTRO,APIZACO,TLAXCALA,ABARROTES RIVERA,238.5,#N/D,#N/D,238.5,Sin coordenadas,,,
1948465,CENTRO,HUAMANTLA,TLAXCALA,ABARROTES RIVERA,238.5,#N/D,#N/D,238.5,Sin coordenadas,,,
1948466,CENTRO,TLAXCALA,TLAXCALA,ABARROTES RIVERA,238.5,#N/D,#N/D,238.5,Sin coordenadas,,,
1948471,CENTRO,ATIZAPAN DE ZARAGOZA,VALLE DE MEXICO,DISTRIBUIDORA ROCHA TULA PACHUCA,234.9,#N/D,#N/D,234.9,Sin coordenadas,,,
1948472,CENTRO,ATIZAPAN DE ZARAGOZA,VALLE DE MEXICO,LA BODEGUITA,234.9,#N/D,#N/D,234.9,Sin coordenadas,,,
1948475,SUR,HUATUSCO,VERACRUZ,ABARROTES QUEZADA,223.8,#N/D,#N/D,223.8,Sin coordenadas,,,
1948476,SUR,HUATUSCO,VERACRUZ,ABARROTES QUEZADA,213,#N/D,#N/D,213,Sin coordenadas,,,
1948478,SUR,HUATUSCO,VERACRUZ,SUPER BARATO,234,#N/D,#N/D,234,Sin coordenadas,,,
1948479,SUR,HUATUSCO,VERACRUZ,ABASTEMEX,244.5,#N/D,#N/D,244.5,Sin coordenadas,,,
1948480,SUR,HUATUSCO,VERACRUZ,ABASTEMEX,243,#N/D,#N/D,243,Sin coordenadas,,,
1948481,SUR,TOTUTLA,VERACRUZ,ABARROTES QUEZADA,215.7,#N/D,#N/D,215.7,Sin coordenadas,,,
1948482,SUR,CAPRICHO,VERACRUZ,ABARROTES QUEZADA,213.6,#N/D,#N/D,213.6,Sin coordenadas,,,
1923918,CENTRO,AQUISMON,SAN LUIS POTOSÕ,AGRAZ NU—O JOSE DE JESUS,270,-99.021241,21.623014,270,1923917,26.59846214,270,0
1948414,CENTRO,QUERETARO,QUERETARO,BASICOS,277.5,#N/D,#N/D,277.5,Sin coordenadas,,,
154206,CENTRO,CUAUTLA,MORELOS,CASA ALONSO,262.2,-98.94946409,18.82716456,262.2,1923361,0.379232663,229.05,33.15
153838,CENTRO,LEON,GUANAJUATO,CEDA,226.95,-101.6879726,21.0727932,226.95,1923891,0.096130228,239.25,-12.3
1924124,CENTRO,LEON,GUANAJUATO,CEDA,240,-101.685344,21.072817,240,1923890,0.078065106,239.25,0.75
153687,CENTRO,LEON,GUANAJUATO,CEDA,240,-101.683905,21.072394,240,1923894,0.118986655,239.25,0.75
1923890,CENTRO,LEON,GUANAJUATO,CITY ABASTOS,239.25,-101.685211,21.072126,239.25,1924124,0.078065106,240,-0.75
154882,CENTRO,LEON,GUANAJUATO,DISTRIBUIDORAS Y SUCURSALES EL PATRON,239.25,#N/D,#N/D,239.25,Sin coordenadas,,,
1923891,CENTRO,LEON,GUANAJUATO,DISTRIBUIDORAS Y SUCURSALES EL PATRON,239.25,-101.6871333,21.07242713,239.25,153838,0.096130228,226.95,12.3
1923894,CENTRO,LEON,GUANAJUATO,DISTRIBUIDORAS Y SUCURSALES EL PATRON,239.25,-101.682999,21.07305,239.25,153687,0.118986655,240,-0.75
1923625,CENTRO,ZAMORA,MICHOAC¡N,DUERO,253.05,-102.2782285,20.04046626,253.05,154678,3.659747341,225,28.05
1923626,CENTRO,JACONA,MICHOAC¡N,DUERO,277.35,-102.31223,19.94371467,277.35,154673,0.262392886,255,22.35
154587,NORTE,GUADALAJARA,JALISCO,DUERO,277.35,-103.260699,20.64214558,277.35,154579,1.171752903,277.35,0
154586,NORTE,GUADALAJARA,JALISCO,DUERO,277.35,-103.2792792,20.68654764,277.35,154593,1.621448704,277.35,0
154593,NORTE,TONALA,JALISCO,DUERO,277.35,-103.2636997,20.6860955,277.35,154589,0.716346204,277.35,0
154589,NORTE,TLAQUEPAQUE,JALISCO,DUERO,277.35,-103.264015,20.692531,277.35,154593,0.716346204,277.35,0
154583,NORTE,GUADALAJARA,JALISCO,DUERO,277.35,-103.296176,20.695013,277.35,154585,1.014933749,277.35,0
154584,NORTE,GUADALAJARA,JALISCO,DUERO,277.35,-103.307883,20.700301,277.35,154583,1.35227103,277.35,0
154585,NORTE,GUADALAJARA,JALISCO,DUERO,277.35,-103.2928516,20.70359442,277.35,154583,1.014933749,277.35,0
154594,NORTE,TONALA,JALISCO,DUERO,277.35,-103.243028,20.6200487,277.35,154587,3.068996158,277.35,0
1923620,CENTRO,ZAMORA,MICHOAC¡N,DUERO,270.9,-102.2421591,19.93876645,270.9,154677,5.057266747,225,45.9
1930178,NORTE,TIJUANA,BAJA CALIFORNIA SUR,CEDA,269.85,-116.9432789,32.48746829,269.85,1930182,0.861372056,246,23.85
1923651,CENTRO,TOLUCA,TOLUCA,GARIS,255,-99.5901701,19.1062472,255,1923650,5.851909617,255,0
1923648,CENTRO,ECATEPEC,EDO MEX,GARIS,277.5,-99.00468312,19.61956637,277.5,1923727,0.05863398,255,22.5
1923955,NORTE,CD JUAREZ,CHIHUAHUA,GUMA SANDERS,240,-106.468552,31.71741,240,1923964,0.33067755,259.8,-19.8
1930193,NORTE,TIJUANA,BAJA CALIFORNIA SUR,CEDA,245.85,-116.9494561,32.49846641,245.85,1930183,0.889947065,269.85,-24
1923280,CENTRO,ECATEPEC,EDO MEX,OSO ABARROTERO,257.85,-99.04322144,19.50158766,257.85,1924296,3.313494404,304.05,-46.2
154718,SUR,OAXACA,OAXACA,CONSUMO Z,345,-96.7507138,17.0993798,345,154722,2.078461827,345,0
154719,SUR,OAXACA,OAXACA,CONSUMO Z,345,-96.7400087,17.0613816,345,1924131,0.829938145,297.6,47.4
155248,CENTRO,JACONA,MICHOAC¡N,PROMOTORA Y COMERCIALIZADORA ALONDRA,255,#N/D,#N/D,255,Sin coordenadas,,,
155247,SUR,TUXTLA,CHIAPAS,REGULO FLORES,225,#N/D,#N/D,225,Sin coordenadas,,,
1923728,CENTRO,COACALCO,EDO MEX,CONSUMO Z,277.5,-99.07873217,19.62673608,277.5,153720,6.144702237,300,-22.5
1923743,CENTRO,TLALNEPANTLA,EDO MEX,CONSUMO Z,226.5,-99.18866195,19.54587214,226.5,153810,0.115122114,229.95,-3.45
1923727,CENTRO,ECATEPEC,EDO MEX,CONSUMO Z,255,-99.00463985,19.61904064,255,1923648,0.05863398,277.5,-22.5
1923829,NORTE,GUADALAJARA,JALISCO,SUPER ABARROTES LA LUPITA,225,-103.384721,20.6486746,225,154641,0.266218398,225,0
1924504,NORTE,GUADALAJARA,JALISCO,SUPER MERCADOS DE ZAPOPAN,246,-103.3687884,20.63027975,246,1924505,1.139991637,246,0
1924505,NORTE,GUADALAJARA,JALISCO,SUPER MERCADOS DE ZAPOPAN,246,-103.3631499,20.62149,246,1924504,1.139991637,246,0
3032642,CENTRO,IZTAPALAPA,CDMX,ZORRO CENTRAL C47,230,-99.0925404,19.3588629,230,2422865,0,230.4,-0.4
5648779,CENTRO,TLALPAN,CDMX,ZORRO CARR CUERNAVACA,230,-99.1669733,19.2880603,230,6656778,0,230,-
7224371,CENTRO,GUSTAVO A MADERO,CDMX,ZORRO CENTENARIO,237.6,-99.1133606,19.4827949,237.6,4100177,0,229.5,8.1
6853232,CENTRO,CHICOLOAPAN,ESTADO DE MEXICO,ZORRO CHICOLOAPAN,225,-98.9014367,19.4162929,225,1930233,1.85,258,-33
6308144,CENTRO,CHALCO,ESTADO DE MEXICO,ZORRO CHALCO,230,-98.8188838,19.2382585,230,1971635,0,230,-
5242245,CENTRO,CUAUTITLAN,ESTADO DE MEXICO,ZORRO CUAUTITLAN,235,-99.1666257,19.7055182,235,153721,7.91,285,-50
6272480,CENTRO,ECATEPEC,ESTADO DE MEXICO,ZORRO ECATEPEC 2,242.3,-99.0487281,19.5994083,242.3,1923728,4.37,277.5,-35.2
1107480,CENTRO,IGUALA,GUERRERO,ZORRO IGUALA,210,-99.5376944,18.3466358,210,154300,62.05,262.2,-52.2
4917325,CENTRO,JIUTEPEC,MORELOS,ZORRO JIUTEPEC,230,-99.1701224,18.8863894,230,1923852,3.15,262.35,-32.35
5057152,CENTRO,OZUMBA,ESTADO DE MEXICO,ZORRO OZUMBA,231,-98.7951311,19.0159932,231,154198,21.75,229.5,1.5
3048741,CENTRO,IZTACALCO,CDMX,ZORRO PANTITLAN,223.2,-99.097453,19.3957447,223.2,1924269,1.85,230.1,-6.9
6656778,CENTRO,TLALPAN,CDMX,ZORRO PICACHO,230,-99.1669733,19.2880603,230,5648779,0,230,-
1344541,CENTRO,NAUCALPAN,ESTADO DE MEXICO,ZORRO PRIMAVERA,285,-99.2327986,19.4788356,285,1669754,5.11,225,60
7753484,CENTRO,TLAHUAC,CDMX,ZORRO TLAHUAC,229.5,-99.0047499,19.2703914,229.5,1923732,8.48,237,-7.5
1405819,CENTRO,TLALNEPANTLA,ESTADO DE MEXICO,ZORRO TLANEPANTLA,240,-99.1955083,19.5370001,240,1923345,1.04,225,15
6089287,CENTRO,TOLUCA,ESTADO DE MEXICO,ZORRO TOLUCA 2,234.5,-99.6569007,19.292545,234.5,1923659,0.46,234.45,0.05
5012253,CENTRO,NEZAHUALCOYOTL,ESTADO DE MEXICO,ZORRO VICENTE VILLADA,230,-99.0352121,19.4325047,230,1923734,4.17,226.5,3.5
9327936,CENTRO,LEON,GUANAJUATO,ZORRO LEON,231.8,-101.6829766,21.121965,231.8,1923894,5.44,239.25,-7.45
3720523,CENTRO,QUERETARO,QUERETARO,ZORRO QUERETARO,238,-100.3917424,20.5922997,238,1923586,44.26,247.5,-9.5
1669754,CENTRO,AZCAPOTZALCO,CDMX,ZORRO LAS ARMAS,225,-99.1843937,19.4838908,225,8549258,0,225,-
2422865,CENTRO,IZTAPALAPA,CDMX,ZORRO ERMITA 2,230.4,-99.0925404,19.3588629,230.4,3032642,0,230,0.4
2145235,CENTRO,TULTITLAN,ESTADO DE MEXICO,ZORRO TULTITLAN,218,-99.1592775,19.6169912,218,1923334,3.34,240,-22
5005429,CENTRO,IXTAPALUCA,ESTADO DE MEXICO,ZORRO IXTAPALUCA,234.5,-98.8082745,19.32929,234.5,3818642,0,230,4.5
1971635,CENTRO,CHALCO,ESTADO DE MEXICO,ZORRO PASEO CHALCO,230,-98.8188838,19.2382585,230,6308144,0,230,-
9925060,CENTRO,CUAUTLA,MORELOS,ZORRO CUAUTLA,217.5,-98.9736172,18.8150158,217.5,1923360,2.2,229.5,-12
8549258,CENTRO,AZCAPOTZALCO,CDMX,ZORRO ROSARIO,225,-99.1843937,19.4838908,225,1669754,0,225,-
4100177,CENTRO,GUSTAVO A MADERO,CDMX,ZORRO VICTORIA ORIENTE,229.5,-99.1133606,19.4827949,229.5,7224371,0,237.6,-8.1
3818642,CENTRO,IXTAPALUCA,ESTADO DE MEXICO,ZORRO LOS HEROES IXTAPALUCA,230,-98.8082745,19.32929,230,5005429,0,234.5,-4.5
8390086,CENTRO,PROGRESO DE OBREGON,HIDALGO,ZORRO PROGRESO,238.5,-99.180891,20.3044803,238.5,5242245,66.62,235,3.5
2793347,CENTRO,SAN MARTIN TEXMELUCAN ,PUEBLA,ZORRO SAN MARTIN TEXMELUCAN,222,-98.424878,19.2659835,222,1923554,24.58,285,-63
1049540,CENTRO,TULANCINGO,HIDALGO,ZORRO TULANCINGO,223.5,-98.3635381,20.0839585,223.5,9860090,0,223.5,-
2465763,CENTRO,MORELIA,MICHOACAN,ZORRO CEDA MORELIA,238.5,-101.2623797,19.6546004,238.5,1923388,3.39,238.5,-
8707738,CENTRO,VENUSTIANO CARRANZA,CDMX,ZORRO CONGRESO,229.5,-99.1135482,19.4191658,229.5,3048741,3.1,223.2,6.3
9860090,CENTRO,TULANCINGO,HIDALGO,ZORRO TULANCINGO,223.5,-98.3635381,20.0839585,223.5,1049540,0,223.5,-
5351348,NORTE,SAN JUAN DE LOS LAGOS,JALISCO,ZORRO SAN JUAN DE LOS LAGOS,240,-102.2813711,21.2543127,240,9327936,63.76,231.8,8.2
6059939,CENTRO,GUANAJUATO,GUANAJUATO,ZORRO GUANAJUATO,256.2,-101.25284,21.0158848,256.2,1923585,41.78,238.5,17.7
4821546,NO TRADICIONAL,CUAUTITLAN,MEXICO,GRUPO ZORRO ABARROTERO,232.17,-99.219689,19.611131,232.17,1923745,5.63,237,-4.83
4773470,CENTRO,CDMX,MEXICO,CEDIS VDM,240,0,0,240,5984102,0,236,4
6879782,NO TRADICIONAL,APAN,HIDALGO,CERVECERIA MODELO DE MEXICO,230,98.544619,19.698666,230,4773470,10901.68,240,-10
4476566,CENTRO,ACAPULCO DE JUAREZ,GUERRERO,ABARROTERA DEL DUERO,237.6,-99.812129,16.842778,237.6,5529082,6.74,235,2.6
6300266,CENTRO,MORELIA,MICHOACAN,ABARROTES LA VIOLETA,225,-101.166589,19.712611,225,1923401,0.09,233.55,-8.55
5984102,SUR,CHIAPA DE CORZO,CHIAPAS,CEDIS TUXTLA,236,0,0,236,4773470,0,240,-4
8420652,CENTRO,PUEBLA,PUEBLA,RAMIREZ LOPEZ ANDRES,225,0,0,225,4773470,0,240,-15
5529082,CENTRO,ACAPULCO DE JUAREZ,GUERRERO,IMPULSORA SAHUAYO,235,-99.845247,16.894498,235,4476566,6.74,237.6,-2.6
3893758,CENTRO,CORTAZAR,GUANAJUATO,DESARROLLO COMERCIAL ABARROTERO,235,-100.958059,20.500011,235,9842320,0.04,238.5,-3.5
1561280,CENTRO,PENJAMO,GUANAJUATO,PROMOTORA Y COMERCIALIZADORA ALONDRA,225,-102.015529,20.346891,225,5739111,1.83,230,-5
5739111,CENTRO,LA PIEDAD,MICHOACAN,AMEZCUA SANCHEZ OSCAR RODRIGO,230,-102.026281,20.359919,230,1561280,1.83,225,5
4123060,NO TRADICIONAL,ABASOLO,GUANAJUATO,PRODUCTOS DE CONSUMO Z,226.5,-101.510198,20.463207,226.5,1923585,26.47,238.5,-12
6508982,SUR,COAPILLA,CHIAPAS,ENBE,220,-93.159646,17.1388,220,1923455,30.29,270,-50
3473684,NORTE,BACHINIVA,CHIHUAHUA,LA ECONOMICA DE ABASTOS,230,-106.483906,31.725831,230,1923964,1.43,259.8,-29.8
1012083,SUR,COMITAN DE DOMINGUEZ,CHIAPAS,ABARROTES SAN LUIS,230.4,-92.134999,16.236849,230.4,1923462,0.11,260.4,-30
1269182,CENTRO,IZTAPALAPA,CIUDAD DE MEXICO,TIENDAS DE DESCUENTO DE LA CENTRAL,223.95,-99.090619,19.375213,223.95,1923295,0.03,229.95,-6
9840403,NORTE,BOCOYNA,CHIHUAHUA,FRUTERIA Y ABARROTES JALY,240,-107.637272,27.747616,240,1930211,181.88,246.45,-6.45
4553476,NORTE,APODACA,NUEVO LEON,CEDIS MTY,236,0,0,236,4773470,0,240,-4
1760725,NO TRADICIONAL,BENITO JUAREZ,QUINTANA ROO,MAS BODEGA Y LOGISTICA,235,-86.863903,21.047678,235,1157426,320.16,269.85,-34.85
9336842,CENTRO,SAN ANTONIO LA ISLA,MEXICO,SERVICIO COMERCIAL GARIS,235,-99.576715,19.157291,235,1923650,0.08,255,-20
9842320,CENTRO,CORTAZAR,GUANAJUATO,BASICOS EN ALIMENTOS,238.5,-100.957711,20.500001,238.5,3893758,0.04,235,3.5
1157426,SUR,CHETUMAL,QUINTANA ROO,DISTRIBUIDORA BRISA DEL CARIBE,269.85,-88.289421,18.499912,269.85,1760725,320.16,235,34.85
9230499,NORTE,ENSENADA,BAJA CALIFORNIA,DISTRIBUCIONES REMBAO,215.85,-116.59181,31.786829,215.85,1930191,77.84,246,-30.15
2957657,CENTRO,MORELIA,MICHOACAN,BEDOLLA GUZMAN MA SOCORRO,238.5,-101.167512,19.71737,238.5,1923405,0.06,233.55,4.95
6017376,CENTRO,TEHUACAN,PUEBLA,ABARROTES EL GALLO DE TEHUACAN,220.05,-97.387715,18.461386,220.05,1923820,0.03,220.05,-
4579812,CENTRO,PUEBLA,PUEBLA,SOTO JACOME ALMA GUADALUPE,215,-98.192397,19.091821,215,1923549,0.33,238.5,-23.5
6303974,CENTRO,APIZACO,TLAXCALA,DISTRIBUIDOR DE REFRESCOS GERADO PEREZ,215,-98.145941,19.412945,215,2793347,33.52,222,-7
3032894,CENTRO,YURIRIA,GUANAJUATO,ABARROTERA CERANO,225,-101.398911,20.099621,225,1923887,0.06,239.4,-14.4
2116955,CENTRO,TEHUACAN,PUEBLA,ABARROTES CADENA,228,-97.434809,18.512861,228,154317,4.67,247.5,-19.5
2325890,CENTRO,CHALCO,MEXICO,GRUPO MAYORISTA SUPER TIENDAZZ,234.9,-98.952151,19.278521,234.9,7875349,2.61,220,14.9
8005713,CENTRO,LEON,GUANAJUATO,DISTRIBUIDORAS Y SUCURSALES EL PATRON,223,-101.678945,21.125782,223,9327936,0.6,231.8,-8.8
2755577,CENTRO,PUEBLA,PUEBLA,CEDIS PUEBLA,240,0,0,240,4773470,0,240,-
7863616,CENTRO,CUAUTLA,MORELOS,ABARROTERA SAN ANTONIO,231,-98.932289,18.869551,231,1923362,0.02,270,-39
9179846,NO TRADICIONAL,CENTRO,TABASCO,ABARROTES MONTERREY,246,-92.903096,18.038035,246,1923524,1.11,329.55,-83.55
2564652,CENTRO,TEHUACAN,PUEBLA,ABARROTERA HIDALGO DE TEHUACAN,220.05,-97.380069,18.457741,220.05,1923817,0.03,220.05,-
1765286,CENTRO,ECATEPEC DE MORELOS,MEXICO,DEPOSITO DE ABARROTES LA MIXTECA,231.5,-99.008669,19.613771,231.5,1923270,0.52,233.55,-2.05
9805149,CENTRO,CHICOLOAPAN DE JUAREZ,MEXICO,BODEGAS ZENA,229.95,-98.919357,19.418816,229.95,1923313,0.06,300,-70.05
1484323,CENTRO,BENITO JUAREZ,CIUDAD DE MEXICO,CORPORATIVO COMERCIAL LOS ANICETOS,229.95,-99.160811,19.370151,229.95,1924135,7,229.95,-
7641916,CENTRO,CHALCO,MEXICO,ADMINISTRADORA Y COMERCIALIZADORA CONASUPER,220,-98.888847,19.253038,220,7875349,6.14,220,-
2623819,CENTRO,TLALNEPANTLA DE BAZ,MEXICO,COMERCIALIZADORA DE BEBIDAS LA ROMANA,200,-99.179386,19.555683,200,1923340,1.3,219.9,-19.9
7875349,CENTRO,CHALCO,MEXICO,ABARROTES CASA VARGAS,220,-98.94729,19.25553,220,2325890,2.61,234.9,-14.9
3907995,NO TRADICIONAL,TULTITLAN,MEXICO,SCORPION DISTRIBUIDOR MAYORISTA,236,-99.152629,19.628181,236,2145235,1.43,218,18
9019585,CENTRO,COACALCO DE BERRIOZABAL,MEXICO,TIENDA ABARROTERA AMIGA,234.5,-99.082776,19.648135,234.5,1923728,2.42,277.5,-43
1973603,CENTRO,IZTAPALAPA,CIUDAD DE MEXICO,CREMERIA Y SALCHICHONERIA LA HOLANDESA,216,-99.094124,19.375689,216,1924029,0.06,232.95,-16.95
3996983,CENTRO,IZTAPALAPA,CIUDAD DE MEXICO,DISTRIBUIDORA COMERCIAL CONASUPER,220,-99.08948,19.38231,220,1924269,0.27,230.1,-10.1
2811066,CENTRO,CUAUTLA,MORELOS,ABARROTERA FUENTES,229.5,-98.952722,18.815116,229.5,1923360,0.02,229.5,-
